status,doc_class,name,sparse,block_scale,accumulator,m,n,k,best_ms,mean_ms,peak_logical_tflops,mean_logical_tflops,peak_nonzero_tflops,regs_per_thread,sass_status,sass_family,sass_expected_count,sass_matched_count,sass_total_tensor_count,opcode,ptx_path,cubin_path,sass_text_path,sass_json_path,note
PASS,DOCUMENTED,dense/fp8/k16/e4m3xe4m3/acc-f16,0,0,f16,16,8,16,5.612736225,5.617843151,508.1526381,507.6906997,0,22,SASS_OK,QMMA,32,32,32,mma.sync.aligned.m16n8k16.row.col.f16.e4m3.e4m3.f16,results/20260919T082444Z_NVIDIA_GeForce_RTX_5090/ptx/dense_fp8_k16_e4m3xe4m3_acc-f16_bb69512c58fb.ptx,results/20260919T082444Z_NVIDIA_GeForce_RTX_5090/cubin/dense_fp8_k16_e4m3xe4m3_acc-f16_bb69512c58fb.cubin,results/20260919T082444Z_NVIDIA_GeForce_RTX_5090/sass/dense_fp8_k16_e4m3xe4m3_acc-f16_bb69512c58fb.sass.txt,results/20260919T082444Z_NVIDIA_GeForce_RTX_5090/sass/dense_fp8_k16_e4m3xe4m3_acc-f16_bb69512c58fb.sass.json,
PASS,DOCUMENTED,dense/fp8/k16/e4m3xe4m3/acc-f32,0,0,f32,16,8,16,11.16611195,11.16865253,255.4270218,255.3689186,0,38,SASS_OK,QMMA,32,32,32,mma.sync.aligned.m16n8k16.row.col.f32.e4m3.e4m3.f32,results/20260919T082444Z_NVIDIA_GeForce_RTX_5090/ptx/dense_fp8_k16_e4m3xe4m3_acc-f32_07abb3799991.ptx,results/20260919T082444Z_NVIDIA_GeForce_RTX_5090/cubin/dense_fp8_k16_e4m3xe4m3_acc-f32_07abb3799991.cubin,results/20260919T082444Z_NVIDIA_GeForce_RTX_5090/sass/dense_fp8_k16_e4m3xe4m3_acc-f32_07abb3799991.sass.txt,results/20260919T082444Z_NVIDIA_GeForce_RTX_5090/sass/dense_fp8_k16_e4m3xe4m3_acc-f32_07abb3799991.sass.json,
PASS,DOCUMENTED,dense/fp8/k16/e4m3xe5m2/acc-f16,0,0,f16,16,8,16,5.612287998,5.620089531,508.1932219,507.487773,0,22,SASS_OK,QMMA,32,32,32,mma.sync.aligned.m16n8k16.row.col.f16.e4m3.e5m2.f16,results/20260919T082444Z_NVIDIA_GeForce_RTX_5090/ptx/dense_fp8_k16_e4m3xe5m2_acc-f16_61c584c02393.ptx,results/20260919T082444Z_NVIDIA_GeForce_RTX_5090/cubin/dense_fp8_k16_e4m3xe5m2_acc-f16_61c584c02393.cubin,results/20260919T082444Z_NVIDIA_GeForce_RTX_5090/sass/dense_fp8_k16_e4m3xe5m2_acc-f16_61c584c02393.sass.txt,results/20260919T082444Z_NVIDIA_GeForce_RTX_5090/sass/dense_fp8_k16_e4m3xe5m2_acc-f16_61c584c02393.sass.json,
PASS,DOCUMENTED,dense/fp8/k16/e4m3xe5m2/acc-f32,0,0,f32,16,8,16,11.17046356,11.1932354,255.3275165,254.808071,0,38,SASS_OK,QMMA,32,32,32,mma.sync.aligned.m16n8k16.row.col.f32.e4m3.e5m2.f32,results/20260919T082444Z_NVIDIA_GeForce_RTX_5090/ptx/dense_fp8_k16_e4m3xe5m2_acc-f32_ac7fb8fe9bd9.ptx,results/20260919T082444Z_NVIDIA_GeForce_RTX_5090/cubin/dense_fp8_k16_e4m3xe5m2_acc-f32_ac7fb8fe9bd9.cubin,results/20260919T082444Z_NVIDIA_GeForce_RTX_5090/sass/dense_fp8_k16_e4m3xe5m2_acc-f32_ac7fb8fe9bd9.sass.txt,results/20260919T082444Z_NVIDIA_GeForce_RTX_5090/sass/dense_fp8_k16_e4m3xe5m2_acc-f32_ac7fb8fe9bd9.sass.json,
PASS,DOCUMENTED,dense/fp8/k16/e5m2xe4m3/acc-f16,0,0,f16,16,8,16,5.612671852,5.619845867,508.1584663,507.5097765,0,22,SASS_OK,QMMA,32,32,32,mma.sync.aligned.m16n8k16.row.col.f16.e5m2.e4m3.f16,results/20260919T082444Z_NVIDIA_GeForce_RTX_5090/ptx/dense_fp8_k16_e5m2xe4m3_acc-f16_39339d17352b.ptx,results/20260919T082444Z_NVIDIA_GeForce_RTX_5090/cubin/dense_fp8_k16_e5m2xe4m3_acc-f16_39339d17352b.cubin,results/20260919T082444Z_NVIDIA_GeForce_RTX_5090/sass/dense_fp8_k16_e5m2xe4m3_acc-f16_39339d17352b.sass.txt,results/20260919T082444Z_NVIDIA_GeForce_RTX_5090/sass/dense_fp8_k16_e5m2xe4m3_acc-f16_39339d17352b.sass.json,
PASS,DOCUMENTED,dense/fp8/k16/e5m2xe4m3/acc-f32,0,0,f32,16,8,16,11.17356777,11.19852161,255.2565822,254.6877899,0,38,SASS_OK,QMMA,32,32,32,mma.sync.aligned.m16n8k16.row.col.f32.e5m2.e4m3.f32,results/20260919T082444Z_NVIDIA_GeForce_RTX_5090/ptx/dense_fp8_k16_e5m2xe4m3_acc-f32_969cc6dd30b1.ptx,results/20260919T082444Z_NVIDIA_GeForce_RTX_5090/cubin/dense_fp8_k16_e5m2xe4m3_acc-f32_969cc6dd30b1.cubin,results/20260919T082444Z_NVIDIA_GeForce_RTX_5090/sass/dense_fp8_k16_e5m2xe4m3_acc-f32_969cc6dd30b1.sass.txt,results/20260919T082444Z_NVIDIA_GeForce_RTX_5090/sass/dense_fp8_k16_e5m2xe4m3_acc-f32_969cc6dd30b1.sass.json,
PASS,DOCUMENTED,dense/fp8/k16/e5m2xe5m2/acc-f16,0,0,f16,16,8,16,5.612576008,5.618284702,508.1671439,507.6507993,0,22,SASS_OK,QMMA,32,32,32,mma.sync.aligned.m16n8k16.row.col.f16.e5m2.e5m2.f16,results/20260919T082444Z_NVIDIA_GeForce_RTX_5090/ptx/dense_fp8_k16_e5m2xe5m2_acc-f16_31b756cfde83.ptx,results/20260919T082444Z_NVIDIA_GeForce_RTX_5090/cubin/dense_fp8_k16_e5m2xe5m2_acc-f16_31b756cfde83.cubin,results/20260919T082444Z_NVIDIA_GeForce_RTX_5090/sass/dense_fp8_k16_e5m2xe5m2_acc-f16_31b756cfde83.sass.txt,results/20260919T082444Z_NVIDIA_GeForce_RTX_5090/sass/dense_fp8_k16_e5m2xe5m2_acc-f16_31b756cfde83.sass.json,
PASS,DOCUMENTED,dense/fp8/k16/e5m2xe5m2/acc-f32,0,0,f32,16,8,16,11.17263985,11.19561005,255.2777821,254.7540249,0,38,SASS_OK,QMMA,32,32,32,mma.sync.aligned.m16n8k16.row.col.f32.e5m2.e5m2.f32,results/20260919T082444Z_NVIDIA_GeForce_RTX_5090/ptx/dense_fp8_k16_e5m2xe5m2_acc-f32_24817dfb9359.ptx,results/20260919T082444Z_NVIDIA_GeForce_RTX_5090/cubin/dense_fp8_k16_e5m2xe5m2_acc-f32_24817dfb9359.cubin,results/20260919T082444Z_NVIDIA_GeForce_RTX_5090/sass/dense_fp8_k16_e5m2xe5m2_acc-f32_24817dfb9359.sass.txt,results/20260919T082444Z_NVIDIA_GeForce_RTX_5090/sass/dense_fp8_k16_e5m2xe5m2_acc-f32_24817dfb9359.sass.json,
PASS,DOCUMENTED,dense/fp8/k32/e4m3xe4m3/acc-f16,0,0,f16,16,8,32,5.647520065,5.655020714,1010.045715,1008.70602,0,26,SASS_OK,QMMA,32,32,32,mma.sync.aligned.m16n8k32.row.col.f16.e4m3.e4m3.f16,results/20260919T082444Z_NVIDIA_GeForce_RTX_5090/ptx/dense_fp8_k32_e4m3xe4m3_acc-f16_cc0181034873.ptx,results/20260919T082444Z_NVIDIA_GeForce_RTX_5090/cubin/dense_fp8_k32_e4m3xe4m3_acc-f16_cc0181034873.cubin,results/20260919T082444Z_NVIDIA_GeForce_RTX_5090/sass/dense_fp8_k32_e4m3xe4m3_acc-f16_cc0181034873.sass.txt,results/20260919T082444Z_NVIDIA_GeForce_RTX_5090/sass/dense_fp8_k32_e4m3xe4m3_acc-f16_cc0181034873.sass.json,
PASS,DOCUMENTED,dense/fp8/k32/e4m3xe4m3/acc-f32,0,0,f32,16,8,32,11.18355179,11.20338631,510.0574082,509.1544006,0,42,SASS_OK,QMMA,32,32,32,mma.sync.aligned.m16n8k32.row.col.f32.e4m3.e4m3.f32,results/20260919T082444Z_NVIDIA_GeForce_RTX_5090/ptx/dense_fp8_k32_e4m3xe4m3_acc-f32_7b7b1dbbec91.ptx,results/20260919T082444Z_NVIDIA_GeForce_RTX_5090/cubin/dense_fp8_k32_e4m3xe4m3_acc-f32_7b7b1dbbec91.cubin,results/20260919T082444Z_NVIDIA_GeForce_RTX_5090/sass/dense_fp8_k32_e4m3xe4m3_acc-f32_7b7b1dbbec91.sass.txt,results/20260919T082444Z_NVIDIA_GeForce_RTX_5090/sass/dense_fp8_k32_e4m3xe4m3_acc-f32_7b7b1dbbec91.sass.json,
PASS,DOCUMENTED,dense/fp8/k32/e4m3xe5m2/acc-f16,0,0,f16,16,8,32,5.646304131,5.652876854,1010.263228,1009.088573,0,26,SASS_OK,QMMA,32,32,32,mma.sync.aligned.m16n8k32.row.col.f16.e4m3.e5m2.f16,results/20260919T082444Z_NVIDIA_GeForce_RTX_5090/ptx/dense_fp8_k32_e4m3xe5m2_acc-f16_d778bdc27f7b.ptx,results/20260919T082444Z_NVIDIA_GeForce_RTX_5090/cubin/dense_fp8_k32_e4m3xe5m2_acc-f16_d778bdc27f7b.cubin,results/20260919T082444Z_NVIDIA_GeForce_RTX_5090/sass/dense_fp8_k32_e4m3xe5m2_acc-f16_d778bdc27f7b.sass.txt,results/20260919T082444Z_NVIDIA_GeForce_RTX_5090/sass/dense_fp8_k32_e4m3xe5m2_acc-f16_d778bdc27f7b.sass.json,
PASS,DOCUMENTED,dense/fp8/k32/e4m3xe5m2/acc-f32,0,0,f32,16,8,32,11.18396759,11.20000648,510.0384451,509.308048,0,42,SASS_OK,QMMA,32,32,32,mma.sync.aligned.m16n8k32.row.col.f32.e4m3.e5m2.f32,results/20260919T082444Z_NVIDIA_GeForce_RTX_5090/ptx/dense_fp8_k32_e4m3xe5m2_acc-f32_d593649abe89.ptx,results/20260919T082444Z_NVIDIA_GeForce_RTX_5090/cubin/dense_fp8_k32_e4m3xe5m2_acc-f32_d593649abe89.cubin,results/20260919T082444Z_NVIDIA_GeForce_RTX_5090/sass/dense_fp8_k32_e4m3xe5m2_acc-f32_d593649abe89.sass.txt,results/20260919T082444Z_NVIDIA_GeForce_RTX_5090/sass/dense_fp8_k32_e4m3xe5m2_acc-f32_d593649abe89.sass.json,
PASS,DOCUMENTED,dense/fp8/k32/e5m2xe4m3/acc-f16,0,0,f16,16,8,32,5.645984173,5.651789188,1010.32048,1009.282769,0,26,SASS_OK,QMMA,32,32,32,mma.sync.aligned.m16n8k32.row.col.f16.e5m2.e4m3.f16,results/20260919T082444Z_NVIDIA_GeForce_RTX_5090/ptx/dense_fp8_k32_e5m2xe4m3_acc-f16_fcb1e61ee1e3.ptx,results/20260919T082444Z_NVIDIA_GeForce_RTX_5090/cubin/dense_fp8_k32_e5m2xe4m3_acc-f16_fcb1e61ee1e3.cubin,results/20260919T082444Z_NVIDIA_GeForce_RTX_5090/sass/dense_fp8_k32_e5m2xe4m3_acc-f16_fcb1e61ee1e3.sass.txt,results/20260919T082444Z_NVIDIA_GeForce_RTX_5090/sass/dense_fp8_k32_e5m2xe4m3_acc-f16_fcb1e61ee1e3.sass.json,
PASS,DOCUMENTED,dense/fp8/k32/e5m2xe4m3/acc-f32,0,0,f32,16,8,32,11.18208027,11.19875813,510.1245299,509.3648221,0,42,SASS_OK,QMMA,32,32,32,mma.sync.aligned.m16n8k32.row.col.f32.e5m2.e4m3.f32,results/20260919T082444Z_NVIDIA_GeForce_RTX_5090/ptx/dense_fp8_k32_e5m2xe4m3_acc-f32_220282b6fa91.ptx,results/20260919T082444Z_NVIDIA_GeForce_RTX_5090/cubin/dense_fp8_k32_e5m2xe4m3_acc-f32_220282b6fa91.cubin,results/20260919T082444Z_NVIDIA_GeForce_RTX_5090/sass/dense_fp8_k32_e5m2xe4m3_acc-f32_220282b6fa91.sass.txt,results/20260919T082444Z_NVIDIA_GeForce_RTX_5090/sass/dense_fp8_k32_e5m2xe4m3_acc-f32_220282b6fa91.sass.json,
PASS,DOCUMENTED,dense/fp8/k32/e5m2xe5m2/acc-f16,0,0,f16,16,8,32,5.647488117,5.652838707,1010.051428,1009.095383,0,26,SASS_OK,QMMA,32,32,32,mma.sync.aligned.m16n8k32.row.col.f16.e5m2.e5m2.f16,results/20260919T082444Z_NVIDIA_GeForce_RTX_5090/ptx/dense_fp8_k32_e5m2xe5m2_acc-f16_ba483361951b.ptx,results/20260919T082444Z_NVIDIA_GeForce_RTX_5090/cubin/dense_fp8_k32_e5m2xe5m2_acc-f16_ba483361951b.cubin,results/20260919T082444Z_NVIDIA_GeForce_RTX_5090/sass/dense_fp8_k32_e5m2xe5m2_acc-f16_ba483361951b.sass.txt,results/20260919T082444Z_NVIDIA_GeForce_RTX_5090/sass/dense_fp8_k32_e5m2xe5m2_acc-f16_ba483361951b.sass.json,
PASS,DOCUMENTED,dense/fp8/k32/e5m2xe5m2/acc-f32,0,0,f32,16,8,32,11.18227196,11.21036053,510.1157852,508.8376441,0,42,SASS_OK,QMMA,32,32,32,mma.sync.aligned.m16n8k32.row.col.f32.e5m2.e5m2.f32,results/20260919T082444Z_NVIDIA_GeForce_RTX_5090/ptx/dense_fp8_k32_e5m2xe5m2_acc-f32_717941087fd9.ptx,results/20260919T082444Z_NVIDIA_GeForce_RTX_5090/cubin/dense_fp8_k32_e5m2xe5m2_acc-f32_717941087fd9.cubin,results/20260919T082444Z_NVIDIA_GeForce_RTX_5090/sass/dense_fp8_k32_e5m2xe5m2_acc-f32_717941087fd9.sass.txt,results/20260919T082444Z_NVIDIA_GeForce_RTX_5090/sass/dense_fp8_k32_e5m2xe5m2_acc-f32_717941087fd9.sass.json,
PASS,DOCUMENTED,dense/f8f6f4/e4m3xe4m3/acc-f16,0,0,f16,16,8,32,5.645376205,5.657567978,1010.429284,1008.251861,0,26,SASS_OK,QMMA,32,32,32,mma.sync.aligned.kind::f8f6f4.m16n8k32.row.col.f16.e4m3.e4m3.f16,results/20260919T082444Z_NVIDIA_GeForce_RTX_5090/ptx/dense_f8f6f4_e4m3xe4m3_acc-f16_bb91b08789ec.ptx,results/20260919T082444Z_NVIDIA_GeForce_RTX_5090/cubin/dense_f8f6f4_e4m3xe4m3_acc-f16_bb91b08789ec.cubin,results/20260919T082444Z_NVIDIA_GeForce_RTX_5090/sass/dense_f8f6f4_e4m3xe4m3_acc-f16_bb91b08789ec.sass.txt,results/20260919T082444Z_NVIDIA_GeForce_RTX_5090/sass/dense_f8f6f4_e4m3xe4m3_acc-f16_bb91b08789ec.sass.json,
PASS,DOCUMENTED,dense/f8f6f4/e4m3xe4m3/acc-f32,0,0,f32,16,8,32,11.17868805,11.20170975,510.2793293,509.2306057,0,42,SASS_OK,QMMA,32,32,32,mma.sync.aligned.kind::f8f6f4.m16n8k32.row.col.f32.e4m3.e4m3.f32,results/20260919T082444Z_NVIDIA_GeForce_RTX_5090/ptx/dense_f8f6f4_e4m3xe4m3_acc-f32_2bd50180e4a6.ptx,results/20260919T082444Z_NVIDIA_GeForce_RTX_5090/cubin/dense_f8f6f4_e4m3xe4m3_acc-f32_2bd50180e4a6.cubin,results/20260919T082444Z_NVIDIA_GeForce_RTX_5090/sass/dense_f8f6f4_e4m3xe4m3_acc-f32_2bd50180e4a6.sass.txt,results/20260919T082444Z_NVIDIA_GeForce_RTX_5090/sass/dense_f8f6f4_e4m3xe4m3_acc-f32_2bd50180e4a6.sass.json,
PASS,DOCUMENTED,dense/f8f6f4/e4m3xe5m2/acc-f16,0,0,f16,16,8,32,5.64547205,5.654272079,1010.41213,1008.839575,0,26,SASS_OK,QMMA,32,32,32,mma.sync.aligned.kind::f8f6f4.m16n8k32.row.col.f16.e4m3.e5m2.f16,results/20260919T082444Z_NVIDIA_GeForce_RTX_5090/ptx/dense_f8f6f4_e4m3xe5m2_acc-f16_56f22eb19e0c.ptx,results/20260919T082444Z_NVIDIA_GeForce_RTX_5090/cubin/dense_f8f6f4_e4m3xe5m2_acc-f16_56f22eb19e0c.cubin,results/20260919T082444Z_NVIDIA_GeForce_RTX_5090/sass/dense_f8f6f4_e4m3xe5m2_acc-f16_56f22eb19e0c.sass.txt,results/20260919T082444Z_NVIDIA_GeForce_RTX_5090/sass/dense_f8f6f4_e4m3xe5m2_acc-f16_56f22eb19e0c.sass.json,
PASS,DOCUMENTED,dense/f8f6f4/e4m3xe5m2/acc-f32,0,0,f32,16,8,32,11.18454361,11.21772861,510.0121774,508.5034267,0,42,SASS_OK,QMMA,32,32,32,mma.sync.aligned.kind::f8f6f4.m16n8k32.row.col.f32.e4m3.e5m2.f32,results/20260919T082444Z_NVIDIA_GeForce_RTX_5090/ptx/dense_f8f6f4_e4m3xe5m2_acc-f32_83c8698a4f26.ptx,results/20260919T082444Z_NVIDIA_GeForce_RTX_5090/cubin/dense_f8f6f4_e4m3xe5m2_acc-f32_83c8698a4f26.cubin,results/20260919T082444Z_NVIDIA_GeForce_RTX_5090/sass/dense_f8f6f4_e4m3xe5m2_acc-f32_83c8698a4f26.sass.txt,results/20260919T082444Z_NVIDIA_GeForce_RTX_5090/sass/dense_f8f6f4_e4m3xe5m2_acc-f32_83c8698a4f26.sass.json,
PASS,DOCUMENTED,dense/f8f6f4/e4m3xe3m2/acc-f16,0,0,f16,16,8,32,5.645215988,5.649702549,1010.457962,1009.655533,0,26,SASS_OK,QMMA,32,32,32,mma.sync.aligned.kind::f8f6f4.m16n8k32.row.col.f16.e4m3.e3m2.f16,results/20260919T082444Z_NVIDIA_GeForce_RTX_5090/ptx/dense_f8f6f4_e4m3xe3m2_acc-f16_c7947a9985d8.ptx,results/20260919T082444Z_NVIDIA_GeForce_RTX_5090/cubin/dense_f8f6f4_e4m3xe3m2_acc-f16_c7947a9985d8.cubin,results/20260919T082444Z_NVIDIA_GeForce_RTX_5090/sass/dense_f8f6f4_e4m3xe3m2_acc-f16_c7947a9985d8.sass.txt,results/20260919T082444Z_NVIDIA_GeForce_RTX_5090/sass/dense_f8f6f4_e4m3xe3m2_acc-f16_c7947a9985d8.sass.json,
PASS,DOCUMENTED,dense/f8f6f4/e4m3xe3m2/acc-f32,0,0,f32,16,8,32,11.17539215,11.2081213,510.4298232,508.9393028,0,42,SASS_OK,QMMA,32,32,32,mma.sync.aligned.kind::f8f6f4.m16n8k32.row.col.f32.e4m3.e3m2.f32,results/20260919T082444Z_NVIDIA_GeForce_RTX_5090/ptx/dense_f8f6f4_e4m3xe3m2_acc-f32_311416fee39a.ptx,results/20260919T082444Z_NVIDIA_GeForce_RTX_5090/cubin/dense_f8f6f4_e4m3xe3m2_acc-f32_311416fee39a.cubin,results/20260919T082444Z_NVIDIA_GeForce_RTX_5090/sass/dense_f8f6f4_e4m3xe3m2_acc-f32_311416fee39a.sass.txt,results/20260919T082444Z_NVIDIA_GeForce_RTX_5090/sass/dense_f8f6f4_e4m3xe3m2_acc-f32_311416fee39a.sass.json,
PASS,DOCUMENTED,dense/f8f6f4/e4m3xe2m3/acc-f16,0,0,f16,16,8,32,5.645535946,5.657376289,1010.400694,1008.286023,0,26,SASS_OK,QMMA,32,32,32,mma.sync.aligned.kind::f8f6f4.m16n8k32.row.col.f16.e4m3.e2m3.f16,results/20260919T082444Z_NVIDIA_GeForce_RTX_5090/ptx/dense_f8f6f4_e4m3xe2m3_acc-f16_c0262b80ce28.ptx,results/20260919T082444Z_NVIDIA_GeForce_RTX_5090/cubin/dense_f8f6f4_e4m3xe2m3_acc-f16_c0262b80ce28.cubin,results/20260919T082444Z_NVIDIA_GeForce_RTX_5090/sass/dense_f8f6f4_e4m3xe2m3_acc-f16_c0262b80ce28.sass.txt,results/20260919T082444Z_NVIDIA_GeForce_RTX_5090/sass/dense_f8f6f4_e4m3xe2m3_acc-f16_c0262b80ce28.sass.json,
PASS,DOCUMENTED,dense/f8f6f4/e4m3xe2m3/acc-f32,0,0,f32,16,8,32,11.18265629,11.19809246,510.0982533,509.395101,0,42,SASS_OK,QMMA,32,32,32,mma.sync.aligned.kind::f8f6f4.m16n8k32.row.col.f32.e4m3.e2m3.f32,results/20260919T082444Z_NVIDIA_GeForce_RTX_5090/ptx/dense_f8f6f4_e4m3xe2m3_acc-f32_2213e52e66da.ptx,results/20260919T082444Z_NVIDIA_GeForce_RTX_5090/cubin/dense_f8f6f4_e4m3xe2m3_acc-f32_2213e52e66da.cubin,results/20260919T082444Z_NVIDIA_GeForce_RTX_5090/sass/dense_f8f6f4_e4m3xe2m3_acc-f32_2213e52e66da.sass.txt,results/20260919T082444Z_NVIDIA_GeForce_RTX_5090/sass/dense_f8f6f4_e4m3xe2m3_acc-f32_2213e52e66da.sass.json,
PASS,DOCUMENTED,dense/f8f6f4/e4m3xe2m1/acc-f16,0,0,f16,16,8,32,5.647456169,5.655903816,1010.057142,1008.548523,0,26,SASS_OK,QMMA,32,32,32,mma.sync.aligned.kind::f8f6f4.m16n8k32.row.col.f16.e4m3.e2m1.f16,results/20260919T082444Z_NVIDIA_GeForce_RTX_5090/ptx/dense_f8f6f4_e4m3xe2m1_acc-f16_600ec450bc2c.ptx,results/20260919T082444Z_NVIDIA_GeForce_RTX_5090/cubin/dense_f8f6f4_e4m3xe2m1_acc-f16_600ec450bc2c.cubin,results/20260919T082444Z_NVIDIA_GeForce_RTX_5090/sass/dense_f8f6f4_e4m3xe2m1_acc-f16_600ec450bc2c.sass.txt,results/20260919T082444Z_NVIDIA_GeForce_RTX_5090/sass/dense_f8f6f4_e4m3xe2m1_acc-f16_600ec450bc2c.sass.json,
PASS,DOCUMENTED,dense/f8f6f4/e4m3xe2m1/acc-f32,0,0,f32,16,8,32,11.17561626,11.19344711,510.4195872,509.606503,0,42,SASS_OK,QMMA,32,32,32,mma.sync.aligned.kind::f8f6f4.m16n8k32.row.col.f32.e4m3.e2m1.f32,results/20260919T082444Z_NVIDIA_GeForce_RTX_5090/ptx/dense_f8f6f4_e4m3xe2m1_acc-f32_473bdefea43e.ptx,results/20260919T082444Z_NVIDIA_GeForce_RTX_5090/cubin/dense_f8f6f4_e4m3xe2m1_acc-f32_473bdefea43e.cubin,results/20260919T082444Z_NVIDIA_GeForce_RTX_5090/sass/dense_f8f6f4_e4m3xe2m1_acc-f32_473bdefea43e.sass.txt,results/20260919T082444Z_NVIDIA_GeForce_RTX_5090/sass/dense_f8f6f4_e4m3xe2m1_acc-f32_473bdefea43e.sass.json,
PASS,DOCUMENTED,dense/f8f6f4/e5m2xe4m3/acc-f16,0,0,f16,16,8,32,5.645343781,5.650745869,1010.435088,1009.469117,0,26,SASS_OK,QMMA,32,32,32,mma.sync.aligned.kind::f8f6f4.m16n8k32.row.col.f16.e5m2.e4m3.f16,results/20260919T082444Z_NVIDIA_GeForce_RTX_5090/ptx/dense_f8f6f4_e5m2xe4m3_acc-f16_e56a05652004.ptx,results/20260919T082444Z_NVIDIA_GeForce_RTX_5090/cubin/dense_f8f6f4_e5m2xe4m3_acc-f16_e56a05652004.cubin,results/20260919T082444Z_NVIDIA_GeForce_RTX_5090/sass/dense_f8f6f4_e5m2xe4m3_acc-f16_e56a05652004.sass.txt,results/20260919T082444Z_NVIDIA_GeForce_RTX_5090/sass/dense_f8f6f4_e5m2xe4m3_acc-f16_e56a05652004.sass.json,
PASS,DOCUMENTED,dense/f8f6f4/e5m2xe4m3/acc-f32,0,0,f32,16,8,32,11.18655968,11.21745872,509.9202619,508.5156612,0,42,SASS_OK,QMMA,32,32,32,mma.sync.aligned.kind::f8f6f4.m16n8k32.row.col.f32.e5m2.e4m3.f32,results/20260919T082444Z_NVIDIA_GeForce_RTX_5090/ptx/dense_f8f6f4_e5m2xe4m3_acc-f32_6c02e530929e.ptx,results/20260919T082444Z_NVIDIA_GeForce_RTX_5090/cubin/dense_f8f6f4_e5m2xe4m3_acc-f32_6c02e530929e.cubin,results/20260919T082444Z_NVIDIA_GeForce_RTX_5090/sass/dense_f8f6f4_e5m2xe4m3_acc-f32_6c02e530929e.sass.txt,results/20260919T082444Z_NVIDIA_GeForce_RTX_5090/sass/dense_f8f6f4_e5m2xe4m3_acc-f32_6c02e530929e.sass.json,
PASS,DOCUMENTED,dense/f8f6f4/e5m2xe5m2/acc-f16,0,0,f16,16,8,32,5.645503998,5.656102657,1010.406412,1008.513067,0,26,SASS_OK,QMMA,32,32,32,mma.sync.aligned.kind::f8f6f4.m16n8k32.row.col.f16.e5m2.e5m2.f16,results/20260919T082444Z_NVIDIA_GeForce_RTX_5090/ptx/dense_f8f6f4_e5m2xe5m2_acc-f16_5bc7234a2864.ptx,results/20260919T082444Z_NVIDIA_GeForce_RTX_5090/cubin/dense_f8f6f4_e5m2xe5m2_acc-f16_5bc7234a2864.cubin,results/20260919T082444Z_NVIDIA_GeForce_RTX_5090/sass/dense_f8f6f4_e5m2xe5m2_acc-f16_5bc7234a2864.sass.txt,results/20260919T082444Z_NVIDIA_GeForce_RTX_5090/sass/dense_f8f6f4_e5m2xe5m2_acc-f16_5bc7234a2864.sass.json,
PASS,DOCUMENTED,dense/f8f6f4/e5m2xe5m2/acc-f32,0,0,f32,16,8,32,11.18547153,11.21297932,509.9698678,508.7188051,0,42,SASS_OK,QMMA,32,32,32,mma.sync.aligned.kind::f8f6f4.m16n8k32.row.col.f32.e5m2.e5m2.f32,results/20260919T082444Z_NVIDIA_GeForce_RTX_5090/ptx/dense_f8f6f4_e5m2xe5m2_acc-f32_59b6553d799e.ptx,results/20260919T082444Z_NVIDIA_GeForce_RTX_5090/cubin/dense_f8f6f4_e5m2xe5m2_acc-f32_59b6553d799e.cubin,results/20260919T082444Z_NVIDIA_GeForce_RTX_5090/sass/dense_f8f6f4_e5m2xe5m2_acc-f32_59b6553d799e.sass.txt,results/20260919T082444Z_NVIDIA_GeForce_RTX_5090/sass/dense_f8f6f4_e5m2xe5m2_acc-f32_59b6553d799e.sass.json,
PASS,DOCUMENTED,dense/f8f6f4/e5m2xe3m2/acc-f16,0,0,f16,16,8,32,5.645440102,5.65059185,1010.417848,1009.496632,0,26,SASS_OK,QMMA,32,32,32,mma.sync.aligned.kind::f8f6f4.m16n8k32.row.col.f16.e5m2.e3m2.f16,results/20260919T082444Z_NVIDIA_GeForce_RTX_5090/ptx/dense_f8f6f4_e5m2xe3m2_acc-f16_90926a0f2120.ptx,results/20260919T082444Z_NVIDIA_GeForce_RTX_5090/cubin/dense_f8f6f4_e5m2xe3m2_acc-f16_90926a0f2120.cubin,results/20260919T082444Z_NVIDIA_GeForce_RTX_5090/sass/dense_f8f6f4_e5m2xe3m2_acc-f16_90926a0f2120.sass.txt,results/20260919T082444Z_NVIDIA_GeForce_RTX_5090/sass/dense_f8f6f4_e5m2xe3m2_acc-f16_90926a0f2120.sass.json,
PASS,DOCUMENTED,dense/f8f6f4/e5m2xe3m2/acc-f32,0,0,f32,16,8,32,11.17747211,11.20005035,510.3348397,509.3060531,0,42,SASS_OK,QMMA,32,32,32,mma.sync.aligned.kind::f8f6f4.m16n8k32.row.col.f32.e5m2.e3m2.f32,results/20260919T082444Z_NVIDIA_GeForce_RTX_5090/ptx/dense_f8f6f4_e5m2xe3m2_acc-f32_594066720302.ptx,results/20260919T082444Z_NVIDIA_GeForce_RTX_5090/cubin/dense_f8f6f4_e5m2xe3m2_acc-f32_594066720302.cubin,results/20260919T082444Z_NVIDIA_GeForce_RTX_5090/sass/dense_f8f6f4_e5m2xe3m2_acc-f32_594066720302.sass.txt,results/20260919T082444Z_NVIDIA_GeForce_RTX_5090/sass/dense_f8f6f4_e5m2xe3m2_acc-f32_594066720302.sass.json,
PASS,DOCUMENTED,dense/f8f6f4/e5m2xe2m3/acc-f16,0,0,f16,16,8,32,5.643295765,5.650239944,1010.801786,1009.559505,0,26,SASS_OK,QMMA,32,32,32,mma.sync.aligned.kind::f8f6f4.m16n8k32.row.col.f16.e5m2.e2m3.f16,results/20260919T082444Z_NVIDIA_GeForce_RTX_5090/ptx/dense_f8f6f4_e5m2xe2m3_acc-f16_2353f8329670.ptx,results/20260919T082444Z_NVIDIA_GeForce_RTX_5090/cubin/dense_f8f6f4_e5m2xe2m3_acc-f16_2353f8329670.cubin,results/20260919T082444Z_NVIDIA_GeForce_RTX_5090/sass/dense_f8f6f4_e5m2xe2m3_acc-f16_2353f8329670.sass.txt,results/20260919T082444Z_NVIDIA_GeForce_RTX_5090/sass/dense_f8f6f4_e5m2xe2m3_acc-f16_2353f8329670.sass.json,
PASS,DOCUMENTED,dense/f8f6f4/e5m2xe2m3/acc-f32,0,0,f32,16,8,32,11.18460846,11.209939,510.0092203,508.8567778,0,42,SASS_OK,QMMA,32,32,32,mma.sync.aligned.kind::f8f6f4.m16n8k32.row.col.f32.e5m2.e2m3.f32,results/20260919T082444Z_NVIDIA_GeForce_RTX_5090/ptx/dense_f8f6f4_e5m2xe2m3_acc-f32_3cf8e360b562.ptx,results/20260919T082444Z_NVIDIA_GeForce_RTX_5090/cubin/dense_f8f6f4_e5m2xe2m3_acc-f32_3cf8e360b562.cubin,results/20260919T082444Z_NVIDIA_GeForce_RTX_5090/sass/dense_f8f6f4_e5m2xe2m3_acc-f32_3cf8e360b562.sass.txt,results/20260919T082444Z_NVIDIA_GeForce_RTX_5090/sass/dense_f8f6f4_e5m2xe2m3_acc-f32_3cf8e360b562.sass.json,
PASS,DOCUMENTED,dense/f8f6f4/e5m2xe2m1/acc-f16,0,0,f16,16,8,32,5.644383907,5.649625778,1010.606921,1009.669253,0,26,SASS_OK,QMMA,32,32,32,mma.sync.aligned.kind::f8f6f4.m16n8k32.row.col.f16.e5m2.e2m1.f16,results/20260919T082444Z_NVIDIA_GeForce_RTX_5090/ptx/dense_f8f6f4_e5m2xe2m1_acc-f16_0c576a87738c.ptx,results/20260919T082444Z_NVIDIA_GeForce_RTX_5090/cubin/dense_f8f6f4_e5m2xe2m1_acc-f16_0c576a87738c.cubin,results/20260919T082444Z_NVIDIA_GeForce_RTX_5090/sass/dense_f8f6f4_e5m2xe2m1_acc-f16_0c576a87738c.sass.txt,results/20260919T082444Z_NVIDIA_GeForce_RTX_5090/sass/dense_f8f6f4_e5m2xe2m1_acc-f16_0c576a87738c.sass.json,
PASS,DOCUMENTED,dense/f8f6f4/e5m2xe2m1/acc-f32,0,0,f32,16,8,32,11.17548847,11.20709705,510.4254238,508.9858161,0,42,SASS_OK,QMMA,32,32,32,mma.sync.aligned.kind::f8f6f4.m16n8k32.row.col.f32.e5m2.e2m1.f32,results/20260919T082444Z_NVIDIA_GeForce_RTX_5090/ptx/dense_f8f6f4_e5m2xe2m1_acc-f32_dececc8a48be.ptx,results/20260919T082444Z_NVIDIA_GeForce_RTX_5090/cubin/dense_f8f6f4_e5m2xe2m1_acc-f32_dececc8a48be.cubin,results/20260919T082444Z_NVIDIA_GeForce_RTX_5090/sass/dense_f8f6f4_e5m2xe2m1_acc-f32_dececc8a48be.sass.txt,results/20260919T082444Z_NVIDIA_GeForce_RTX_5090/sass/dense_f8f6f4_e5m2xe2m1_acc-f32_dececc8a48be.sass.json,
PASS,DOCUMENTED,dense/f8f6f4/e3m2xe4m3/acc-f16,0,0,f16,16,8,32,5.645120144,5.651481628,1010.475117,1009.337695,0,26,SASS_OK,QMMA,32,32,32,mma.sync.aligned.kind::f8f6f4.m16n8k32.row.col.f16.e3m2.e4m3.f16,results/20260919T082444Z_NVIDIA_GeForce_RTX_5090/ptx/dense_f8f6f4_e3m2xe4m3_acc-f16_8005473d4064.ptx,results/20260919T082444Z_NVIDIA_GeForce_RTX_5090/cubin/dense_f8f6f4_e3m2xe4m3_acc-f16_8005473d4064.cubin,results/20260919T082444Z_NVIDIA_GeForce_RTX_5090/sass/dense_f8f6f4_e3m2xe4m3_acc-f16_8005473d4064.sass.txt,results/20260919T082444Z_NVIDIA_GeForce_RTX_5090/sass/dense_f8f6f4_e3m2xe4m3_acc-f16_8005473d4064.sass.json,
PASS,DOCUMENTED,dense/f8f6f4/e3m2xe4m3/acc-f32,0,0,f32,16,8,32,11.18339157,11.20574093,510.0647155,509.0474138,0,42,SASS_OK,QMMA,32,32,32,mma.sync.aligned.kind::f8f6f4.m16n8k32.row.col.f32.e3m2.e4m3.f32,results/20260919T082444Z_NVIDIA_GeForce_RTX_5090/ptx/dense_f8f6f4_e3m2xe4m3_acc-f32_7977ee021c2e.ptx,results/20260919T082444Z_NVIDIA_GeForce_RTX_5090/cubin/dense_f8f6f4_e3m2xe4m3_acc-f32_7977ee021c2e.cubin,results/20260919T082444Z_NVIDIA_GeForce_RTX_5090/sass/dense_f8f6f4_e3m2xe4m3_acc-f32_7977ee021c2e.sass.txt,results/20260919T082444Z_NVIDIA_GeForce_RTX_5090/sass/dense_f8f6f4_e3m2xe4m3_acc-f32_7977ee021c2e.sass.json,
PASS,DOCUMENTED,dense/f8f6f4/e3m2xe5m2/acc-f16,0,0,f16,16,8,32,5.646240234,5.650457859,1010.274661,1009.52057,0,26,SASS_OK,QMMA,32,32,32,mma.sync.aligned.kind::f8f6f4.m16n8k32.row.col.f16.e3m2.e5m2.f16,results/20260919T082444Z_NVIDIA_GeForce_RTX_5090/ptx/dense_f8f6f4_e3m2xe5m2_acc-f16_39ea2bd07854.ptx,results/20260919T082444Z_NVIDIA_GeForce_RTX_5090/cubin/dense_f8f6f4_e3m2xe5m2_acc-f16_39ea2bd07854.cubin,results/20260919T082444Z_NVIDIA_GeForce_RTX_5090/sass/dense_f8f6f4_e3m2xe5m2_acc-f16_39ea2bd07854.sass.txt,results/20260919T082444Z_NVIDIA_GeForce_RTX_5090/sass/dense_f8f6f4_e3m2xe5m2_acc-f16_39ea2bd07854.sass.json,
PASS,DOCUMENTED,dense/f8f6f4/e3m2xe5m2/acc-f32,0,0,f32,16,8,32,11.17609596,11.20010185,510.397679,509.3037113,0,42,SASS_OK,QMMA,32,32,32,mma.sync.aligned.kind::f8f6f4.m16n8k32.row.col.f32.e3m2.e5m2.f32,results/20260919T082444Z_NVIDIA_GeForce_RTX_5090/ptx/dense_f8f6f4_e3m2xe5m2_acc-f32_873cdbd7f96e.ptx,results/20260919T082444Z_NVIDIA_GeForce_RTX_5090/cubin/dense_f8f6f4_e3m2xe5m2_acc-f32_873cdbd7f96e.cubin,results/20260919T082444Z_NVIDIA_GeForce_RTX_5090/sass/dense_f8f6f4_e3m2xe5m2_acc-f32_873cdbd7f96e.sass.txt,results/20260919T082444Z_NVIDIA_GeForce_RTX_5090/sass/dense_f8f6f4_e3m2xe5m2_acc-f32_873cdbd7f96e.sass.json,
PASS,DOCUMENTED,dense/f8f6f4/e3m2xe3m2/acc-f16,0,0,f16,16,8,32,11.17340755,11.20547771,510.5204847,509.0593713,0,26,SASS_OK,QMMA,32,32,32,mma.sync.aligned.kind::f8f6f4.m16n8k32.row.col.f16.e3m2.e3m2.f16,results/20260919T082444Z_NVIDIA_GeForce_RTX_5090/ptx/dense_f8f6f4_e3m2xe3m2_acc-f16_57cfdcc3ef20.ptx,results/20260919T082444Z_NVIDIA_GeForce_RTX_5090/cubin/dense_f8f6f4_e3m2xe3m2_acc-f16_57cfdcc3ef20.cubin,results/20260919T082444Z_NVIDIA_GeForce_RTX_5090/sass/dense_f8f6f4_e3m2xe3m2_acc-f16_57cfdcc3ef20.sass.txt,results/20260919T082444Z_NVIDIA_GeForce_RTX_5090/sass/dense_f8f6f4_e3m2xe3m2_acc-f16_57cfdcc3ef20.sass.json,
PASS,DOCUMENTED,dense/f8f6f4/e3m2xe3m2/acc-f32,0,0,f32,16,8,32,11.17433643,11.19868755,510.4780471,509.368032,0,42,SASS_OK,QMMA,32,32,32,mma.sync.aligned.kind::f8f6f4.m16n8k32.row.col.f32.e3m2.e3m2.f32,results/20260919T082444Z_NVIDIA_GeForce_RTX_5090/ptx/dense_f8f6f4_e3m2xe3m2_acc-f32_ac9ebeb9fac2.ptx,results/20260919T082444Z_NVIDIA_GeForce_RTX_5090/cubin/dense_f8f6f4_e3m2xe3m2_acc-f32_ac9ebeb9fac2.cubin,results/20260919T082444Z_NVIDIA_GeForce_RTX_5090/sass/dense_f8f6f4_e3m2xe3m2_acc-f32_ac9ebeb9fac2.sass.txt,results/20260919T082444Z_NVIDIA_GeForce_RTX_5090/sass/dense_f8f6f4_e3m2xe3m2_acc-f32_ac9ebeb9fac2.sass.json,
PASS,DOCUMENTED,dense/f8f6f4/e3m2xe2m3/acc-f16,0,0,f16,16,8,32,11.1702404,11.19210243,510.665235,509.6677299,0,26,SASS_OK,QMMA,32,32,32,mma.sync.aligned.kind::f8f6f4.m16n8k32.row.col.f16.e3m2.e2m3.f16,results/20260919T082444Z_NVIDIA_GeForce_RTX_5090/ptx/dense_f8f6f4_e3m2xe2m3_acc-f16_5f491595e260.ptx,results/20260919T082444Z_NVIDIA_GeForce_RTX_5090/cubin/dense_f8f6f4_e3m2xe2m3_acc-f16_5f491595e260.cubin,results/20260919T082444Z_NVIDIA_GeForce_RTX_5090/sass/dense_f8f6f4_e3m2xe2m3_acc-f16_5f491595e260.sass.txt,results/20260919T082444Z_NVIDIA_GeForce_RTX_5090/sass/dense_f8f6f4_e3m2xe2m3_acc-f16_5f491595e260.sass.json,
PASS,DOCUMENTED,dense/f8f6f4/e3m2xe2m3/acc-f32,0,0,f32,16,8,32,11.17440033,11.2118721,510.4751281,508.7690431,0,42,SASS_OK,QMMA,32,32,32,mma.sync.aligned.kind::f8f6f4.m16n8k32.row.col.f32.e3m2.e2m3.f32,results/20260919T082444Z_NVIDIA_GeForce_RTX_5090/ptx/dense_f8f6f4_e3m2xe2m3_acc-f32_19322f255d42.ptx,results/20260919T082444Z_NVIDIA_GeForce_RTX_5090/cubin/dense_f8f6f4_e3m2xe2m3_acc-f32_19322f255d42.cubin,results/20260919T082444Z_NVIDIA_GeForce_RTX_5090/sass/dense_f8f6f4_e3m2xe2m3_acc-f32_19322f255d42.sass.txt,results/20260919T082444Z_NVIDIA_GeForce_RTX_5090/sass/dense_f8f6f4_e3m2xe2m3_acc-f32_19322f255d42.sass.json,
PASS,DOCUMENTED,dense/f8f6f4/e3m2xe2m1/acc-f16,0,0,f16,16,8,32,11.1702404,11.20278454,510.665235,509.1817504,0,26,SASS_OK,QMMA,32,32,32,mma.sync.aligned.kind::f8f6f4.m16n8k32.row.col.f16.e3m2.e2m1.f16,results/20260919T082444Z_NVIDIA_GeForce_RTX_5090/ptx/dense_f8f6f4_e3m2xe2m1_acc-f16_4cbe16103acc.ptx,results/20260919T082444Z_NVIDIA_GeForce_RTX_5090/cubin/dense_f8f6f4_e3m2xe2m1_acc-f16_4cbe16103acc.cubin,results/20260919T082444Z_NVIDIA_GeForce_RTX_5090/sass/dense_f8f6f4_e3m2xe2m1_acc-f16_4cbe16103acc.sass.txt,results/20260919T082444Z_NVIDIA_GeForce_RTX_5090/sass/dense_f8f6f4_e3m2xe2m1_acc-f16_4cbe16103acc.sass.json,
PASS,DOCUMENTED,dense/f8f6f4/e3m2xe2m1/acc-f32,0,0,f32,16,8,32,11.17219162,11.19646168,510.5760476,509.4692952,0,42,SASS_OK,QMMA,32,32,32,mma.sync.aligned.kind::f8f6f4.m16n8k32.row.col.f32.e3m2.e2m1.f32,results/20260919T082444Z_NVIDIA_GeForce_RTX_5090/ptx/dense_f8f6f4_e3m2xe2m1_acc-f32_ad0f2a9c7eee.ptx,results/20260919T082444Z_NVIDIA_GeForce_RTX_5090/cubin/dense_f8f6f4_e3m2xe2m1_acc-f32_ad0f2a9c7eee.cubin,results/20260919T082444Z_NVIDIA_GeForce_RTX_5090/sass/dense_f8f6f4_e3m2xe2m1_acc-f32_ad0f2a9c7eee.sass.txt,results/20260919T082444Z_NVIDIA_GeForce_RTX_5090/sass/dense_f8f6f4_e3m2xe2m1_acc-f32_ad0f2a9c7eee.sass.json,
PASS,DOCUMENTED,dense/f8f6f4/e2m3xe4m3/acc-f16,0,0,f16,16,8,32,5.643295765,5.651046276,1010.801786,1009.415454,0,26,SASS_OK,QMMA,32,32,32,mma.sync.aligned.kind::f8f6f4.m16n8k32.row.col.f16.e2m3.e4m3.f16,results/20260919T082444Z_NVIDIA_GeForce_RTX_5090/ptx/dense_f8f6f4_e2m3xe4m3_acc-f16_c2ab0a9308fc.ptx,results/20260919T082444Z_NVIDIA_GeForce_RTX_5090/cubin/dense_f8f6f4_e2m3xe4m3_acc-f16_c2ab0a9308fc.cubin,results/20260919T082444Z_NVIDIA_GeForce_RTX_5090/sass/dense_f8f6f4_e2m3xe4m3_acc-f16_c2ab0a9308fc.sass.txt,results/20260919T082444Z_NVIDIA_GeForce_RTX_5090/sass/dense_f8f6f4_e2m3xe4m3_acc-f16_c2ab0a9308fc.sass.json,
PASS,DOCUMENTED,dense/f8f6f4/e2m3xe4m3/acc-f32,0,0,f32,16,8,32,11.17628765,11.20860767,510.388925,508.9172185,0,42,SASS_OK,QMMA,32,32,32,mma.sync.aligned.kind::f8f6f4.m16n8k32.row.col.f32.e2m3.e4m3.f32,results/20260919T082444Z_NVIDIA_GeForce_RTX_5090/ptx/dense_f8f6f4_e2m3xe4m3_acc-f32_3bd66288b416.ptx,results/20260919T082444Z_NVIDIA_GeForce_RTX_5090/cubin/dense_f8f6f4_e2m3xe4m3_acc-f32_3bd66288b416.cubin,results/20260919T082444Z_NVIDIA_GeForce_RTX_5090/sass/dense_f8f6f4_e2m3xe4m3_acc-f32_3bd66288b416.sass.txt,results/20260919T082444Z_NVIDIA_GeForce_RTX_5090/sass/dense_f8f6f4_e2m3xe4m3_acc-f32_3bd66288b416.sass.json,
PASS,DOCUMENTED,dense/f8f6f4/e2m3xe5m2/acc-f16,0,0,f16,16,8,32,5.644927979,5.649919987,1010.509516,1009.616677,0,26,SASS_OK,QMMA,32,32,32,mma.sync.aligned.kind::f8f6f4.m16n8k32.row.col.f16.e2m3.e5m2.f16,results/20260919T082444Z_NVIDIA_GeForce_RTX_5090/ptx/dense_f8f6f4_e2m3xe5m2_acc-f16_557b1b9b37dc.ptx,results/20260919T082444Z_NVIDIA_GeForce_RTX_5090/cubin/dense_f8f6f4_e2m3xe5m2_acc-f16_557b1b9b37dc.cubin,results/20260919T082444Z_NVIDIA_GeForce_RTX_5090/sass/dense_f8f6f4_e2m3xe5m2_acc-f16_557b1b9b37dc.sass.txt,results/20260919T082444Z_NVIDIA_GeForce_RTX_5090/sass/dense_f8f6f4_e2m3xe5m2_acc-f16_557b1b9b37dc.sass.json,
PASS,DOCUMENTED,dense/f8f6f4/e2m3xe5m2/acc-f32,0,0,f32,16,8,32,11.18307209,11.20678997,510.0792872,508.9997631,0,42,SASS_OK,QMMA,32,32,32,mma.sync.aligned.kind::f8f6f4.m16n8k32.row.col.f32.e2m3.e5m2.f32,results/20260919T082444Z_NVIDIA_GeForce_RTX_5090/ptx/dense_f8f6f4_e2m3xe5m2_acc-f32_23c13227ea86.ptx,results/20260919T082444Z_NVIDIA_GeForce_RTX_5090/cubin/dense_f8f6f4_e2m3xe5m2_acc-f32_23c13227ea86.cubin,results/20260919T082444Z_NVIDIA_GeForce_RTX_5090/sass/dense_f8f6f4_e2m3xe5m2_acc-f32_23c13227ea86.sass.txt,results/20260919T082444Z_NVIDIA_GeForce_RTX_5090/sass/dense_f8f6f4_e2m3xe5m2_acc-f32_23c13227ea86.sass.json,
PASS,DOCUMENTED,dense/f8f6f4/e2m3xe3m2/acc-f16,0,0,f16,16,8,32,11.17081642,11.19766426,510.6389027,509.4145803,0,26,SASS_OK,QMMA,32,32,32,mma.sync.aligned.kind::f8f6f4.m16n8k32.row.col.f16.e2m3.e3m2.f16,results/20260919T082444Z_NVIDIA_GeForce_RTX_5090/ptx/dense_f8f6f4_e2m3xe3m2_acc-f16_8ecb0bb47358.ptx,results/20260919T082444Z_NVIDIA_GeForce_RTX_5090/cubin/dense_f8f6f4_e2m3xe3m2_acc-f16_8ecb0bb47358.cubin,results/20260919T082444Z_NVIDIA_GeForce_RTX_5090/sass/dense_f8f6f4_e2m3xe3m2_acc-f16_8ecb0bb47358.sass.txt,results/20260919T082444Z_NVIDIA_GeForce_RTX_5090/sass/dense_f8f6f4_e2m3xe3m2_acc-f16_8ecb0bb47358.sass.json,
PASS,DOCUMENTED,dense/f8f6f4/e2m3xe3m2/acc-f32,0,0,f32,16,8,32,11.17673588,11.21294689,510.3684566,508.7202762,0,42,SASS_OK,QMMA,32,32,32,mma.sync.aligned.kind::f8f6f4.m16n8k32.row.col.f32.e2m3.e3m2.f32,results/20260919T082444Z_NVIDIA_GeForce_RTX_5090/ptx/dense_f8f6f4_e2m3xe3m2_acc-f32_513e8acf3a2a.ptx,results/20260919T082444Z_NVIDIA_GeForce_RTX_5090/cubin/dense_f8f6f4_e2m3xe3m2_acc-f32_513e8acf3a2a.cubin,results/20260919T082444Z_NVIDIA_GeForce_RTX_5090/sass/dense_f8f6f4_e2m3xe3m2_acc-f32_513e8acf3a2a.sass.txt,results/20260919T082444Z_NVIDIA_GeForce_RTX_5090/sass/dense_f8f6f4_e2m3xe3m2_acc-f32_513e8acf3a2a.sass.json,
PASS,DOCUMENTED,dense/f8f6f4/e2m3xe2m3/acc-f16,0,0,f16,16,8,32,11.17475224,11.19268513,510.4590527,509.6411965,0,26,SASS_OK,QMMA,32,32,32,mma.sync.aligned.kind::f8f6f4.m16n8k32.row.col.f16.e2m3.e2m3.f16,results/20260919T082444Z_NVIDIA_GeForce_RTX_5090/ptx/dense_f8f6f4_e2m3xe2m3_acc-f16_85a83c4397e8.ptx,results/20260919T082444Z_NVIDIA_GeForce_RTX_5090/cubin/dense_f8f6f4_e2m3xe2m3_acc-f16_85a83c4397e8.cubin,results/20260919T082444Z_NVIDIA_GeForce_RTX_5090/sass/dense_f8f6f4_e2m3xe2m3_acc-f16_85a83c4397e8.sass.txt,results/20260919T082444Z_NVIDIA_GeForce_RTX_5090/sass/dense_f8f6f4_e2m3xe2m3_acc-f16_85a83c4397e8.sass.json,
PASS,DOCUMENTED,dense/f8f6f4/e2m3xe2m3/acc-f32,0,0,f32,16,8,32,11.17619228,11.19229412,510.3932802,509.659001,0,42,SASS_OK,QMMA,32,32,32,mma.sync.aligned.kind::f8f6f4.m16n8k32.row.col.f32.e2m3.e2m3.f32,results/20260919T082444Z_NVIDIA_GeForce_RTX_5090/ptx/dense_f8f6f4_e2m3xe2m3_acc-f32_fc1ab4c1779a.ptx,results/20260919T082444Z_NVIDIA_GeForce_RTX_5090/cubin/dense_f8f6f4_e2m3xe2m3_acc-f32_fc1ab4c1779a.cubin,results/20260919T082444Z_NVIDIA_GeForce_RTX_5090/sass/dense_f8f6f4_e2m3xe2m3_acc-f32_fc1ab4c1779a.sass.txt,results/20260919T082444Z_NVIDIA_GeForce_RTX_5090/sass/dense_f8f6f4_e2m3xe2m3_acc-f32_fc1ab4c1779a.sass.json,
PASS,DOCUMENTED,dense/f8f6f4/e2m3xe2m1/acc-f16,0,0,f16,16,8,32,11.16828823,11.18977261,510.7544972,509.773848,0,26,SASS_OK,QMMA,32,32,32,mma.sync.aligned.kind::f8f6f4.m16n8k32.row.col.f16.e2m3.e2m1.f16,results/20260919T082444Z_NVIDIA_GeForce_RTX_5090/ptx/dense_f8f6f4_e2m3xe2m1_acc-f16_faf302ee8eec.ptx,results/20260919T082444Z_NVIDIA_GeForce_RTX_5090/cubin/dense_f8f6f4_e2m3xe2m1_acc-f16_faf302ee8eec.cubin,results/20260919T082444Z_NVIDIA_GeForce_RTX_5090/sass/dense_f8f6f4_e2m3xe2m1_acc-f16_faf302ee8eec.sass.txt,results/20260919T082444Z_NVIDIA_GeForce_RTX_5090/sass/dense_f8f6f4_e2m3xe2m1_acc-f16_faf302ee8eec.sass.json,
PASS,DOCUMENTED,dense/f8f6f4/e2m3xe2m1/acc-f32,0,0,f32,16,8,32,11.17244816,11.20415974,510.5643239,509.1192534,0,42,SASS_OK,QMMA,32,32,32,mma.sync.aligned.kind::f8f6f4.m16n8k32.row.col.f32.e2m3.e2m1.f32,results/20260919T082444Z_NVIDIA_GeForce_RTX_5090/ptx/dense_f8f6f4_e2m3xe2m1_acc-f32_02453c07fbfe.ptx,results/20260919T082444Z_NVIDIA_GeForce_RTX_5090/cubin/dense_f8f6f4_e2m3xe2m1_acc-f32_02453c07fbfe.cubin,results/20260919T082444Z_NVIDIA_GeForce_RTX_5090/sass/dense_f8f6f4_e2m3xe2m1_acc-f32_02453c07fbfe.sass.txt,results/20260919T082444Z_NVIDIA_GeForce_RTX_5090/sass/dense_f8f6f4_e2m3xe2m1_acc-f32_02453c07fbfe.sass.json,
PASS,DOCUMENTED,dense/f8f6f4/e2m1xe4m3/acc-f16,0,0,f16,16,8,32,5.645408154,5.649638176,1010.423566,1009.667037,0,26,SASS_OK,QMMA,32,32,32,mma.sync.aligned.kind::f8f6f4.m16n8k32.row.col.f16.e2m1.e4m3.f16,results/20260919T082444Z_NVIDIA_GeForce_RTX_5090/ptx/dense_f8f6f4_e2m1xe4m3_acc-f16_c6298b35bef4.ptx,results/20260919T082444Z_NVIDIA_GeForce_RTX_5090/cubin/dense_f8f6f4_e2m1xe4m3_acc-f16_c6298b35bef4.cubin,results/20260919T082444Z_NVIDIA_GeForce_RTX_5090/sass/dense_f8f6f4_e2m1xe4m3_acc-f16_c6298b35bef4.sass.txt,results/20260919T082444Z_NVIDIA_GeForce_RTX_5090/sass/dense_f8f6f4_e2m1xe4m3_acc-f16_c6298b35bef4.sass.json,
PASS,DOCUMENTED,dense/f8f6f4/e2m1xe4m3/acc-f32,0,0,f32,16,8,32,11.17878437,11.20098495,510.2749325,509.263557,0,42,SASS_OK,QMMA,32,32,32,mma.sync.aligned.kind::f8f6f4.m16n8k32.row.col.f32.e2m1.e4m3.f32,results/20260919T082444Z_NVIDIA_GeForce_RTX_5090/ptx/dense_f8f6f4_e2m1xe4m3_acc-f32_350dff1980a6.ptx,results/20260919T082444Z_NVIDIA_GeForce_RTX_5090/cubin/dense_f8f6f4_e2m1xe4m3_acc-f32_350dff1980a6.cubin,results/20260919T082444Z_NVIDIA_GeForce_RTX_5090/sass/dense_f8f6f4_e2m1xe4m3_acc-f32_350dff1980a6.sass.txt,results/20260919T082444Z_NVIDIA_GeForce_RTX_5090/sass/dense_f8f6f4_e2m1xe4m3_acc-f32_350dff1980a6.sass.json,
PASS,DOCUMENTED,dense/f8f6f4/e2m1xe5m2/acc-f16,0,0,f16,16,8,32,5.645376205,5.650367737,1010.429284,1009.536672,0,26,SASS_OK,QMMA,32,32,32,mma.sync.aligned.kind::f8f6f4.m16n8k32.row.col.f16.e2m1.e5m2.f16,results/20260919T082444Z_NVIDIA_GeForce_RTX_5090/ptx/dense_f8f6f4_e2m1xe5m2_acc-f16_1eb8c2ce148c.ptx,results/20260919T082444Z_NVIDIA_GeForce_RTX_5090/cubin/dense_f8f6f4_e2m1xe5m2_acc-f16_1eb8c2ce148c.cubin,results/20260919T082444Z_NVIDIA_GeForce_RTX_5090/sass/dense_f8f6f4_e2m1xe5m2_acc-f16_1eb8c2ce148c.sass.txt,results/20260919T082444Z_NVIDIA_GeForce_RTX_5090/sass/dense_f8f6f4_e2m1xe5m2_acc-f16_1eb8c2ce148c.sass.json,
PASS,DOCUMENTED,dense/f8f6f4/e2m1xe5m2/acc-f32,0,0,f32,16,8,32,11.18064022,11.21580219,510.1902331,508.590767,0,42,SASS_OK,QMMA,32,32,32,mma.sync.aligned.kind::f8f6f4.m16n8k32.row.col.f32.e2m1.e5m2.f32,results/20260919T082444Z_NVIDIA_GeForce_RTX_5090/ptx/dense_f8f6f4_e2m1xe5m2_acc-f32_83c44f8a930e.ptx,results/20260919T082444Z_NVIDIA_GeForce_RTX_5090/cubin/dense_f8f6f4_e2m1xe5m2_acc-f32_83c44f8a930e.cubin,results/20260919T082444Z_NVIDIA_GeForce_RTX_5090/sass/dense_f8f6f4_e2m1xe5m2_acc-f32_83c44f8a930e.sass.txt,results/20260919T082444Z_NVIDIA_GeForce_RTX_5090/sass/dense_f8f6f4_e2m1xe5m2_acc-f32_83c44f8a930e.sass.json,
PASS,DOCUMENTED,dense/f8f6f4/e2m1xe3m2/acc-f16,0,0,f16,16,8,32,11.17644787,11.19424629,510.3816085,509.5701212,0,26,SASS_OK,QMMA,32,32,32,mma.sync.aligned.kind::f8f6f4.m16n8k32.row.col.f16.e2m1.e3m2.f16,results/20260919T082444Z_NVIDIA_GeForce_RTX_5090/ptx/dense_f8f6f4_e2m1xe3m2_acc-f16_534d4e3a35f8.ptx,results/20260919T082444Z_NVIDIA_GeForce_RTX_5090/cubin/dense_f8f6f4_e2m1xe3m2_acc-f16_534d4e3a35f8.cubin,results/20260919T082444Z_NVIDIA_GeForce_RTX_5090/sass/dense_f8f6f4_e2m1xe3m2_acc-f16_534d4e3a35f8.sass.txt,results/20260919T082444Z_NVIDIA_GeForce_RTX_5090/sass/dense_f8f6f4_e2m1xe3m2_acc-f16_534d4e3a35f8.sass.json,
PASS,DOCUMENTED,dense/f8f6f4/e2m1xe3m2/acc-f32,0,0,f32,16,8,32,11.18239975,11.20619488,510.1099556,509.026793,0,42,SASS_OK,QMMA,32,32,32,mma.sync.aligned.kind::f8f6f4.m16n8k32.row.col.f32.e2m1.e3m2.f32,results/20260919T082444Z_NVIDIA_GeForce_RTX_5090/ptx/dense_f8f6f4_e2m1xe3m2_acc-f32_ebf2d8db99b2.ptx,results/20260919T082444Z_NVIDIA_GeForce_RTX_5090/cubin/dense_f8f6f4_e2m1xe3m2_acc-f32_ebf2d8db99b2.cubin,results/20260919T082444Z_NVIDIA_GeForce_RTX_5090/sass/dense_f8f6f4_e2m1xe3m2_acc-f32_ebf2d8db99b2.sass.txt,results/20260919T082444Z_NVIDIA_GeForce_RTX_5090/sass/dense_f8f6f4_e2m1xe3m2_acc-f32_ebf2d8db99b2.sass.json,
PASS,DOCUMENTED,dense/f8f6f4/e2m1xe2m3/acc-f16,0,0,f16,16,8,32,11.1703043,11.20028114,510.6623139,509.2955585,0,26,SASS_OK,QMMA,32,32,32,mma.sync.aligned.kind::f8f6f4.m16n8k32.row.col.f16.e2m1.e2m3.f16,results/20260919T082444Z_NVIDIA_GeForce_RTX_5090/ptx/dense_f8f6f4_e2m1xe2m3_acc-f16_ce23d5479ec0.ptx,results/20260919T082444Z_NVIDIA_GeForce_RTX_5090/cubin/dense_f8f6f4_e2m1xe2m3_acc-f16_ce23d5479ec0.cubin,results/20260919T082444Z_NVIDIA_GeForce_RTX_5090/sass/dense_f8f6f4_e2m1xe2m3_acc-f16_ce23d5479ec0.sass.txt,results/20260919T082444Z_NVIDIA_GeForce_RTX_5090/sass/dense_f8f6f4_e2m1xe2m3_acc-f16_ce23d5479ec0.sass.json,
PASS,DOCUMENTED,dense/f8f6f4/e2m1xe2m3/acc-f32,0,0,f32,16,8,32,11.1740799,11.2015934,510.4897668,509.235895,0,42,SASS_OK,QMMA,32,32,32,mma.sync.aligned.kind::f8f6f4.m16n8k32.row.col.f32.e2m1.e2m3.f32,results/20260919T082444Z_NVIDIA_GeForce_RTX_5090/ptx/dense_f8f6f4_e2m1xe2m3_acc-f32_ea05ecb86eba.ptx,results/20260919T082444Z_NVIDIA_GeForce_RTX_5090/cubin/dense_f8f6f4_e2m1xe2m3_acc-f32_ea05ecb86eba.cubin,results/20260919T082444Z_NVIDIA_GeForce_RTX_5090/sass/dense_f8f6f4_e2m1xe2m3_acc-f32_ea05ecb86eba.sass.txt,results/20260919T082444Z_NVIDIA_GeForce_RTX_5090/sass/dense_f8f6f4_e2m1xe2m3_acc-f32_ea05ecb86eba.sass.json,
PASS,DOCUMENTED,dense/f8f6f4/e2m1xe2m1/acc-f16,0,0,f16,16,8,32,11.17440033,11.20739269,510.4751281,508.9723896,0,26,SASS_OK,QMMA,32,32,32,mma.sync.aligned.kind::f8f6f4.m16n8k32.row.col.f16.e2m1.e2m1.f16,results/20260919T082444Z_NVIDIA_GeForce_RTX_5090/ptx/dense_f8f6f4_e2m1xe2m1_acc-f16_485131976bf4.ptx,results/20260919T082444Z_NVIDIA_GeForce_RTX_5090/cubin/dense_f8f6f4_e2m1xe2m1_acc-f16_485131976bf4.cubin,results/20260919T082444Z_NVIDIA_GeForce_RTX_5090/sass/dense_f8f6f4_e2m1xe2m1_acc-f16_485131976bf4.sass.txt,results/20260919T082444Z_NVIDIA_GeForce_RTX_5090/sass/dense_f8f6f4_e2m1xe2m1_acc-f16_485131976bf4.sass.json,
PASS,DOCUMENTED,dense/f8f6f4/e2m1xe2m1/acc-f32,0,0,f32,16,8,32,11.22908783,11.23262691,507.9890305,507.8289774,0,42,SASS_OK,QMMA,32,32,32,mma.sync.aligned.kind::f8f6f4.m16n8k32.row.col.f32.e2m1.e2m1.f32,results/20260919T082444Z_NVIDIA_GeForce_RTX_5090/ptx/dense_f8f6f4_e2m1xe2m1_acc-f32_b860908dd31e.ptx,results/20260919T082444Z_NVIDIA_GeForce_RTX_5090/cubin/dense_f8f6f4_e2m1xe2m1_acc-f32_b860908dd31e.cubin,results/20260919T082444Z_NVIDIA_GeForce_RTX_5090/sass/dense_f8f6f4_e2m1xe2m1_acc-f32_b860908dd31e.sass.txt,results/20260919T082444Z_NVIDIA_GeForce_RTX_5090/sass/dense_f8f6f4_e2m1xe2m1_acc-f32_b860908dd31e.sass.json,
PASS,DOCUMENTED,dense/mxf8f6f4/e4m3xe4m3/ue8m0-1X,0,1,f32,16,8,32,5.669856071,5.681728363,1006.066709,1003.964476,0,42,SASS_OK,QMMA.SF,32,32,32,mma.sync.aligned.kind::mxf8f6f4.block_scale.scale_vec::1X.m16n8k32.row.col.f32.e4m3.e4m3.f32.ue8m0,results/20260919T082444Z_NVIDIA_GeForce_RTX_5090/ptx/dense_mxf8f6f4_e4m3xe4m3_ue8m0-1X_ed1605702de1.ptx,results/20260919T082444Z_NVIDIA_GeForce_RTX_5090/cubin/dense_mxf8f6f4_e4m3xe4m3_ue8m0-1X_ed1605702de1.cubin,results/20260919T082444Z_NVIDIA_GeForce_RTX_5090/sass/dense_mxf8f6f4_e4m3xe4m3_ue8m0-1X_ed1605702de1.sass.txt,results/20260919T082444Z_NVIDIA_GeForce_RTX_5090/sass/dense_mxf8f6f4_e4m3xe4m3_ue8m0-1X_ed1605702de1.sass.json,
PASS,DOCUMENTED,dense/mxf8f6f4/e4m3xe4m3/ue8m0-default-1X,0,1,f32,16,8,32,5.694528103,5.700959682,1001.707839,1000.577755,0,42,SASS_OK,QMMA.SF,32,32,32,mma.sync.aligned.kind::mxf8f6f4.block_scale.m16n8k32.row.col.f32.e4m3.e4m3.f32.ue8m0,results/20260919T082444Z_NVIDIA_GeForce_RTX_5090/ptx/dense_mxf8f6f4_e4m3xe4m3_ue8m0-default-1X_89352f912621.ptx,results/20260919T082444Z_NVIDIA_GeForce_RTX_5090/cubin/dense_mxf8f6f4_e4m3xe4m3_ue8m0-default-1X_89352f912621.cubin,results/20260919T082444Z_NVIDIA_GeForce_RTX_5090/sass/dense_mxf8f6f4_e4m3xe4m3_ue8m0-default-1X_89352f912621.sass.txt,results/20260919T082444Z_NVIDIA_GeForce_RTX_5090/sass/dense_mxf8f6f4_e4m3xe4m3_ue8m0-default-1X_89352f912621.sass.json,
PASS,DOCUMENTED,dense/mxf8f6f4/e4m3xe5m2/ue8m0-1X,0,1,f32,16,8,32,5.673727989,5.681017399,1005.38014,1004.09012,0,42,SASS_OK,QMMA.SF,32,32,32,mma.sync.aligned.kind::mxf8f6f4.block_scale.scale_vec::1X.m16n8k32.row.col.f32.e4m3.e5m2.f32.ue8m0,results/20260919T082444Z_NVIDIA_GeForce_RTX_5090/ptx/dense_mxf8f6f4_e4m3xe5m2_ue8m0-1X_5cbd343f8f19.ptx,results/20260919T082444Z_NVIDIA_GeForce_RTX_5090/cubin/dense_mxf8f6f4_e4m3xe5m2_ue8m0-1X_5cbd343f8f19.cubin,results/20260919T082444Z_NVIDIA_GeForce_RTX_5090/sass/dense_mxf8f6f4_e4m3xe5m2_ue8m0-1X_5cbd343f8f19.sass.txt,results/20260919T082444Z_NVIDIA_GeForce_RTX_5090/sass/dense_mxf8f6f4_e4m3xe5m2_ue8m0-1X_5cbd343f8f19.sass.json,
PASS,DOCUMENTED,dense/mxf8f6f4/e4m3xe5m2/ue8m0-default-1X,0,1,f32,16,8,32,5.674015999,5.683570862,1005.329107,1003.639011,0,42,SASS_OK,QMMA.SF,32,32,32,mma.sync.aligned.kind::mxf8f6f4.block_scale.m16n8k32.row.col.f32.e4m3.e5m2.f32.ue8m0,results/20260919T082444Z_NVIDIA_GeForce_RTX_5090/ptx/dense_mxf8f6f4_e4m3xe5m2_ue8m0-default-1X_cac916169b81.ptx,results/20260919T082444Z_NVIDIA_GeForce_RTX_5090/cubin/dense_mxf8f6f4_e4m3xe5m2_ue8m0-default-1X_cac916169b81.cubin,results/20260919T082444Z_NVIDIA_GeForce_RTX_5090/sass/dense_mxf8f6f4_e4m3xe5m2_ue8m0-default-1X_cac916169b81.sass.txt,results/20260919T082444Z_NVIDIA_GeForce_RTX_5090/sass/dense_mxf8f6f4_e4m3xe5m2_ue8m0-default-1X_cac916169b81.sass.json,
PASS,DOCUMENTED,dense/mxf8f6f4/e4m3xe3m2/ue8m0-1X,0,1,f32,16,8,32,5.696576118,5.705375671,1001.347708,999.8033028,0,42,SASS_OK,QMMA.SF,32,32,32,mma.sync.aligned.kind::mxf8f6f4.block_scale.scale_vec::1X.m16n8k32.row.col.f32.e4m3.e3m2.f32.ue8m0,results/20260919T082444Z_NVIDIA_GeForce_RTX_5090/ptx/dense_mxf8f6f4_e4m3xe3m2_ue8m0-1X_8bd2502af9e5.ptx,results/20260919T082444Z_NVIDIA_GeForce_RTX_5090/cubin/dense_mxf8f6f4_e4m3xe3m2_ue8m0-1X_8bd2502af9e5.cubin,results/20260919T082444Z_NVIDIA_GeForce_RTX_5090/sass/dense_mxf8f6f4_e4m3xe3m2_ue8m0-1X_8bd2502af9e5.sass.txt,results/20260919T082444Z_NVIDIA_GeForce_RTX_5090/sass/dense_mxf8f6f4_e4m3xe3m2_ue8m0-1X_8bd2502af9e5.sass.json,
PASS,DOCUMENTED,dense/mxf8f6f4/e4m3xe3m2/ue8m0-default-1X,0,1,f32,16,8,32,5.694623947,5.702150345,1001.69098,1000.368825,0,42,SASS_OK,QMMA.SF,32,32,32,mma.sync.aligned.kind::mxf8f6f4.block_scale.m16n8k32.row.col.f32.e4m3.e3m2.f32.ue8m0,results/20260919T082444Z_NVIDIA_GeForce_RTX_5090/ptx/dense_mxf8f6f4_e4m3xe3m2_ue8m0-default-1X_b5c6e73f7701.ptx,results/20260919T082444Z_NVIDIA_GeForce_RTX_5090/cubin/dense_mxf8f6f4_e4m3xe3m2_ue8m0-default-1X_b5c6e73f7701.cubin,results/20260919T082444Z_NVIDIA_GeForce_RTX_5090/sass/dense_mxf8f6f4_e4m3xe3m2_ue8m0-default-1X_b5c6e73f7701.sass.txt,results/20260919T082444Z_NVIDIA_GeForce_RTX_5090/sass/dense_mxf8f6f4_e4m3xe3m2_ue8m0-default-1X_b5c6e73f7701.sass.json,
PASS,DOCUMENTED,dense/mxf8f6f4/e4m3xe2m3/ue8m0-1X,0,1,f32,16,8,32,5.696671963,5.704697609,1001.330861,999.9221398,0,42,SASS_OK,QMMA.SF,32,32,32,mma.sync.aligned.kind::mxf8f6f4.block_scale.scale_vec::1X.m16n8k32.row.col.f32.e4m3.e2m3.f32.ue8m0,results/20260919T082444Z_NVIDIA_GeForce_RTX_5090/ptx/dense_mxf8f6f4_e4m3xe2m3_ue8m0-1X_ddf45b26267d.ptx,results/20260919T082444Z_NVIDIA_GeForce_RTX_5090/cubin/dense_mxf8f6f4_e4m3xe2m3_ue8m0-1X_ddf45b26267d.cubin,results/20260919T082444Z_NVIDIA_GeForce_RTX_5090/sass/dense_mxf8f6f4_e4m3xe2m3_ue8m0-1X_ddf45b26267d.sass.txt,results/20260919T082444Z_NVIDIA_GeForce_RTX_5090/sass/dense_mxf8f6f4_e4m3xe2m3_ue8m0-1X_ddf45b26267d.sass.json,
PASS,DOCUMENTED,dense/mxf8f6f4/e4m3xe2m3/ue8m0-default-1X,0,1,f32,16,8,32,5.696608067,5.703897476,1001.342092,1000.062407,0,42,SASS_OK,QMMA.SF,32,32,32,mma.sync.aligned.kind::mxf8f6f4.block_scale.m16n8k32.row.col.f32.e4m3.e2m3.f32.ue8m0,results/20260919T082444Z_NVIDIA_GeForce_RTX_5090/ptx/dense_mxf8f6f4_e4m3xe2m3_ue8m0-default-1X_7b210e873401.ptx,results/20260919T082444Z_NVIDIA_GeForce_RTX_5090/cubin/dense_mxf8f6f4_e4m3xe2m3_ue8m0-default-1X_7b210e873401.cubin,results/20260919T082444Z_NVIDIA_GeForce_RTX_5090/sass/dense_mxf8f6f4_e4m3xe2m3_ue8m0-default-1X_7b210e873401.sass.txt,results/20260919T082444Z_NVIDIA_GeForce_RTX_5090/sass/dense_mxf8f6f4_e4m3xe2m3_ue8m0-default-1X_7b210e873401.sass.json,
PASS,DOCUMENTED,dense/mxf8f6f4/e4m3xe2m1/ue8m0-1X,0,1,f32,16,8,32,5.694591999,5.703104019,1001.696599,1000.201543,0,42,SASS_OK,QMMA.SF,32,32,32,mma.sync.aligned.kind::mxf8f6f4.block_scale.scale_vec::1X.m16n8k32.row.col.f32.e4m3.e2m1.f32.ue8m0,results/20260919T082444Z_NVIDIA_GeForce_RTX_5090/ptx/dense_mxf8f6f4_e4m3xe2m1_ue8m0-1X_36e5e1e2ef61.ptx,results/20260919T082444Z_NVIDIA_GeForce_RTX_5090/cubin/dense_mxf8f6f4_e4m3xe2m1_ue8m0-1X_36e5e1e2ef61.cubin,results/20260919T082444Z_NVIDIA_GeForce_RTX_5090/sass/dense_mxf8f6f4_e4m3xe2m1_ue8m0-1X_36e5e1e2ef61.sass.txt,results/20260919T082444Z_NVIDIA_GeForce_RTX_5090/sass/dense_mxf8f6f4_e4m3xe2m1_ue8m0-1X_36e5e1e2ef61.sass.json,
PASS,DOCUMENTED,dense/mxf8f6f4/e4m3xe2m1/ue8m0-default-1X,0,1,f32,16,8,32,5.696608067,5.704678059,1001.342092,999.9255666,0,42,SASS_OK,QMMA.SF,32,32,32,mma.sync.aligned.kind::mxf8f6f4.block_scale.m16n8k32.row.col.f32.e4m3.e2m1.f32.ue8m0,results/20260919T082444Z_NVIDIA_GeForce_RTX_5090/ptx/dense_mxf8f6f4_e4m3xe2m1_ue8m0-default-1X_580fd8615b21.ptx,results/20260919T082444Z_NVIDIA_GeForce_RTX_5090/cubin/dense_mxf8f6f4_e4m3xe2m1_ue8m0-default-1X_580fd8615b21.cubin,results/20260919T082444Z_NVIDIA_GeForce_RTX_5090/sass/dense_mxf8f6f4_e4m3xe2m1_ue8m0-default-1X_580fd8615b21.sass.txt,results/20260919T082444Z_NVIDIA_GeForce_RTX_5090/sass/dense_mxf8f6f4_e4m3xe2m1_ue8m0-default-1X_580fd8615b21.sass.json,
PASS,DOCUMENTED,dense/mxf8f6f4/e5m2xe4m3/ue8m0-1X,0,1,f32,16,8,32,5.692639828,5.701766014,1002.04011,1000.436255,0,42,SASS_OK,QMMA.SF,32,32,32,mma.sync.aligned.kind::mxf8f6f4.block_scale.scale_vec::1X.m16n8k32.row.col.f32.e5m2.e4m3.f32.ue8m0,results/20260919T082444Z_NVIDIA_GeForce_RTX_5090/ptx/dense_mxf8f6f4_e5m2xe4m3_ue8m0-1X_92a4ea589359.ptx,results/20260919T082444Z_NVIDIA_GeForce_RTX_5090/cubin/dense_mxf8f6f4_e5m2xe4m3_ue8m0-1X_92a4ea589359.cubin,results/20260919T082444Z_NVIDIA_GeForce_RTX_5090/sass/dense_mxf8f6f4_e5m2xe4m3_ue8m0-1X_92a4ea589359.sass.txt,results/20260919T082444Z_NVIDIA_GeForce_RTX_5090/sass/dense_mxf8f6f4_e5m2xe4m3_ue8m0-1X_92a4ea589359.sass.json,
PASS,DOCUMENTED,dense/mxf8f6f4/e5m2xe4m3/ue8m0-default-1X,0,1,f32,16,8,32,5.694560051,5.702015877,1001.702219,1000.392416,0,42,SASS_OK,QMMA.SF,32,32,32,mma.sync.aligned.kind::mxf8f6f4.block_scale.m16n8k32.row.col.f32.e5m2.e4m3.f32.ue8m0,results/20260919T082444Z_NVIDIA_GeForce_RTX_5090/ptx/dense_mxf8f6f4_e5m2xe4m3_ue8m0-default-1X_2f83eddcfe21.ptx,results/20260919T082444Z_NVIDIA_GeForce_RTX_5090/cubin/dense_mxf8f6f4_e5m2xe4m3_ue8m0-default-1X_2f83eddcfe21.cubin,results/20260919T082444Z_NVIDIA_GeForce_RTX_5090/sass/dense_mxf8f6f4_e5m2xe4m3_ue8m0-default-1X_2f83eddcfe21.sass.txt,results/20260919T082444Z_NVIDIA_GeForce_RTX_5090/sass/dense_mxf8f6f4_e5m2xe4m3_ue8m0-default-1X_2f83eddcfe21.sass.json,
PASS,DOCUMENTED,dense/mxf8f6f4/e5m2xe5m2/ue8m0-1X,0,1,f32,16,8,32,5.694560051,5.701581001,1001.702219,1000.468719,0,42,SASS_OK,QMMA.SF,32,32,32,mma.sync.aligned.kind::mxf8f6f4.block_scale.scale_vec::1X.m16n8k32.row.col.f32.e5m2.e5m2.f32.ue8m0,results/20260919T082444Z_NVIDIA_GeForce_RTX_5090/ptx/dense_mxf8f6f4_e5m2xe5m2_ue8m0-1X_dca6d087c2b1.ptx,results/20260919T082444Z_NVIDIA_GeForce_RTX_5090/cubin/dense_mxf8f6f4_e5m2xe5m2_ue8m0-1X_dca6d087c2b1.cubin,results/20260919T082444Z_NVIDIA_GeForce_RTX_5090/sass/dense_mxf8f6f4_e5m2xe5m2_ue8m0-1X_dca6d087c2b1.sass.txt,results/20260919T082444Z_NVIDIA_GeForce_RTX_5090/sass/dense_mxf8f6f4_e5m2xe5m2_ue8m0-1X_dca6d087c2b1.sass.json,
PASS,DOCUMENTED,dense/mxf8f6f4/e5m2xe5m2/ue8m0-default-1X,0,1,f32,16,8,32,5.694623947,5.702419281,1001.69098,1000.321646,0,42,SASS_OK,QMMA.SF,32,32,32,mma.sync.aligned.kind::mxf8f6f4.block_scale.m16n8k32.row.col.f32.e5m2.e5m2.f32.ue8m0,results/20260919T082444Z_NVIDIA_GeForce_RTX_5090/ptx/dense_mxf8f6f4_e5m2xe5m2_ue8m0-default-1X_2241f0e64931.ptx,results/20260919T082444Z_NVIDIA_GeForce_RTX_5090/cubin/dense_mxf8f6f4_e5m2xe5m2_ue8m0-default-1X_2241f0e64931.cubin,results/20260919T082444Z_NVIDIA_GeForce_RTX_5090/sass/dense_mxf8f6f4_e5m2xe5m2_ue8m0-default-1X_2241f0e64931.sass.txt,results/20260919T082444Z_NVIDIA_GeForce_RTX_5090/sass/dense_mxf8f6f4_e5m2xe5m2_ue8m0-default-1X_2241f0e64931.sass.json,
PASS,DOCUMENTED,dense/mxf8f6f4/e5m2xe3m2/ue8m0-1X,0,1,f32,16,8,32,5.692448139,5.701458931,1002.073853,1000.490139,0,42,SASS_OK,QMMA.SF,32,32,32,mma.sync.aligned.kind::mxf8f6f4.block_scale.scale_vec::1X.m16n8k32.row.col.f32.e5m2.e3m2.f32.ue8m0,results/20260919T082444Z_NVIDIA_GeForce_RTX_5090/ptx/dense_mxf8f6f4_e5m2xe3m2_ue8m0-1X_97b0466269ad.ptx,results/20260919T082444Z_NVIDIA_GeForce_RTX_5090/cubin/dense_mxf8f6f4_e5m2xe3m2_ue8m0-1X_97b0466269ad.cubin,results/20260919T082444Z_NVIDIA_GeForce_RTX_5090/sass/dense_mxf8f6f4_e5m2xe3m2_ue8m0-1X_97b0466269ad.sass.txt,results/20260919T082444Z_NVIDIA_GeForce_RTX_5090/sass/dense_mxf8f6f4_e5m2xe3m2_ue8m0-1X_97b0466269ad.sass.json,
PASS,DOCUMENTED,dense/mxf8f6f4/e5m2xe3m2/ue8m0-default-1X,0,1,f32,16,8,32,5.694496155,5.699884892,1001.713459,1000.766427,0,42,SASS_OK,QMMA.SF,32,32,32,mma.sync.aligned.kind::mxf8f6f4.block_scale.m16n8k32.row.col.f32.e5m2.e3m2.f32.ue8m0,results/20260919T082444Z_NVIDIA_GeForce_RTX_5090/ptx/dense_mxf8f6f4_e5m2xe3m2_ue8m0-default-1X_bdc957781521.ptx,results/20260919T082444Z_NVIDIA_GeForce_RTX_5090/cubin/dense_mxf8f6f4_e5m2xe3m2_ue8m0-default-1X_bdc957781521.cubin,results/20260919T082444Z_NVIDIA_GeForce_RTX_5090/sass/dense_mxf8f6f4_e5m2xe3m2_ue8m0-default-1X_bdc957781521.sass.txt,results/20260919T082444Z_NVIDIA_GeForce_RTX_5090/sass/dense_mxf8f6f4_e5m2xe3m2_ue8m0-default-1X_bdc957781521.sass.json,
PASS,DOCUMENTED,dense/mxf8f6f4/e5m2xe2m3/ue8m0-1X,0,1,f32,16,8,32,5.694399834,5.700870514,1001.730403,1000.593405,0,42,SASS_OK,QMMA.SF,32,32,32,mma.sync.aligned.kind::mxf8f6f4.block_scale.scale_vec::1X.m16n8k32.row.col.f32.e5m2.e2m3.f32.ue8m0,results/20260919T082444Z_NVIDIA_GeForce_RTX_5090/ptx/dense_mxf8f6f4_e5m2xe2m3_ue8m0-1X_0d4bb39bf7c5.ptx,results/20260919T082444Z_NVIDIA_GeForce_RTX_5090/cubin/dense_mxf8f6f4_e5m2xe2m3_ue8m0-1X_0d4bb39bf7c5.cubin,results/20260919T082444Z_NVIDIA_GeForce_RTX_5090/sass/dense_mxf8f6f4_e5m2xe2m3_ue8m0-1X_0d4bb39bf7c5.sass.txt,results/20260919T082444Z_NVIDIA_GeForce_RTX_5090/sass/dense_mxf8f6f4_e5m2xe2m3_ue8m0-1X_0d4bb39bf7c5.sass.json,
PASS,DOCUMENTED,dense/mxf8f6f4/e5m2xe2m3/ue8m0-default-1X,0,1,f32,16,8,32,5.694335938,5.700825691,1001.741643,1000.601272,0,42,SASS_OK,QMMA.SF,32,32,32,mma.sync.aligned.kind::mxf8f6f4.block_scale.m16n8k32.row.col.f32.e5m2.e2m3.f32.ue8m0,results/20260919T082444Z_NVIDIA_GeForce_RTX_5090/ptx/dense_mxf8f6f4_e5m2xe2m3_ue8m0-default-1X_d4d728dc5f11.ptx,results/20260919T082444Z_NVIDIA_GeForce_RTX_5090/cubin/dense_mxf8f6f4_e5m2xe2m3_ue8m0-default-1X_d4d728dc5f11.cubin,results/20260919T082444Z_NVIDIA_GeForce_RTX_5090/sass/dense_mxf8f6f4_e5m2xe2m3_ue8m0-default-1X_d4d728dc5f11.sass.txt,results/20260919T082444Z_NVIDIA_GeForce_RTX_5090/sass/dense_mxf8f6f4_e5m2xe2m3_ue8m0-default-1X_d4d728dc5f11.sass.json,
PASS,DOCUMENTED,dense/mxf8f6f4/e5m2xe2m1/ue8m0-1X,0,1,f32,16,8,32,5.693344116,5.700249672,1001.916154,1000.702385,0,42,SASS_OK,QMMA.SF,32,32,32,mma.sync.aligned.kind::mxf8f6f4.block_scale.scale_vec::1X.m16n8k32.row.col.f32.e5m2.e2m1.f32.ue8m0,results/20260919T082444Z_NVIDIA_GeForce_RTX_5090/ptx/dense_mxf8f6f4_e5m2xe2m1_ue8m0-1X_ff0a4d836a81.ptx,results/20260919T082444Z_NVIDIA_GeForce_RTX_5090/cubin/dense_mxf8f6f4_e5m2xe2m1_ue8m0-1X_ff0a4d836a81.cubin,results/20260919T082444Z_NVIDIA_GeForce_RTX_5090/sass/dense_mxf8f6f4_e5m2xe2m1_ue8m0-1X_ff0a4d836a81.sass.txt,results/20260919T082444Z_NVIDIA_GeForce_RTX_5090/sass/dense_mxf8f6f4_e5m2xe2m1_ue8m0-1X_ff0a4d836a81.sass.json,
PASS,DOCUMENTED,dense/mxf8f6f4/e5m2xe2m1/ue8m0-default-1X,0,1,f32,16,8,32,5.694496155,5.700889587,1001.713459,1000.590057,0,42,SASS_OK,QMMA.SF,32,32,32,mma.sync.aligned.kind::mxf8f6f4.block_scale.m16n8k32.row.col.f32.e5m2.e2m1.f32.ue8m0,results/20260919T082444Z_NVIDIA_GeForce_RTX_5090/ptx/dense_mxf8f6f4_e5m2xe2m1_ue8m0-default-1X_f660c9f0d709.ptx,results/20260919T082444Z_NVIDIA_GeForce_RTX_5090/cubin/dense_mxf8f6f4_e5m2xe2m1_ue8m0-default-1X_f660c9f0d709.cubin,results/20260919T082444Z_NVIDIA_GeForce_RTX_5090/sass/dense_mxf8f6f4_e5m2xe2m1_ue8m0-default-1X_f660c9f0d709.sass.txt,results/20260919T082444Z_NVIDIA_GeForce_RTX_5090/sass/dense_mxf8f6f4_e5m2xe2m1_ue8m0-default-1X_f660c9f0d709.sass.json,
PASS,DOCUMENTED,dense/mxf8f6f4/e3m2xe4m3/ue8m0-1X,0,1,f32,16,8,32,5.696640015,5.705376148,1001.336476,999.8032192,0,42,SASS_OK,QMMA.SF,32,32,32,mma.sync.aligned.kind::mxf8f6f4.block_scale.scale_vec::1X.m16n8k32.row.col.f32.e3m2.e4m3.f32.ue8m0,results/20260919T082444Z_NVIDIA_GeForce_RTX_5090/ptx/dense_mxf8f6f4_e3m2xe4m3_ue8m0-1X_31071842eb3d.ptx,results/20260919T082444Z_NVIDIA_GeForce_RTX_5090/cubin/dense_mxf8f6f4_e3m2xe4m3_ue8m0-1X_31071842eb3d.cubin,results/20260919T082444Z_NVIDIA_GeForce_RTX_5090/sass/dense_mxf8f6f4_e3m2xe4m3_ue8m0-1X_31071842eb3d.sass.txt,results/20260919T082444Z_NVIDIA_GeForce_RTX_5090/sass/dense_mxf8f6f4_e3m2xe4m3_ue8m0-1X_31071842eb3d.sass.json,
PASS,DOCUMENTED,dense/mxf8f6f4/e3m2xe4m3/ue8m0-default-1X,0,1,f32,16,8,32,5.694560051,5.702483177,1001.702219,1000.310437,0,42,SASS_OK,QMMA.SF,32,32,32,mma.sync.aligned.kind::mxf8f6f4.block_scale.m16n8k32.row.col.f32.e3m2.e4m3.f32.ue8m0,results/20260919T082444Z_NVIDIA_GeForce_RTX_5090/ptx/dense_mxf8f6f4_e3m2xe4m3_ue8m0-default-1X_4ff2beb2dc81.ptx,results/20260919T082444Z_NVIDIA_GeForce_RTX_5090/cubin/dense_mxf8f6f4_e3m2xe4m3_ue8m0-default-1X_4ff2beb2dc81.cubin,results/20260919T082444Z_NVIDIA_GeForce_RTX_5090/sass/dense_mxf8f6f4_e3m2xe4m3_ue8m0-default-1X_4ff2beb2dc81.sass.txt,results/20260919T082444Z_NVIDIA_GeForce_RTX_5090/sass/dense_mxf8f6f4_e3m2xe4m3_ue8m0-default-1X_4ff2beb2dc81.sass.json,
PASS,DOCUMENTED,dense/mxf8f6f4/e3m2xe5m2/ue8m0-1X,0,1,f32,16,8,32,5.694623947,5.701286316,1001.69098,1000.520431,0,42,SASS_OK,QMMA.SF,32,32,32,mma.sync.aligned.kind::mxf8f6f4.block_scale.scale_vec::1X.m16n8k32.row.col.f32.e3m2.e5m2.f32.ue8m0,results/20260919T082444Z_NVIDIA_GeForce_RTX_5090/ptx/dense_mxf8f6f4_e3m2xe5m2_ue8m0-1X_8161a7bbaf05.ptx,results/20260919T082444Z_NVIDIA_GeForce_RTX_5090/cubin/dense_mxf8f6f4_e3m2xe5m2_ue8m0-1X_8161a7bbaf05.cubin,results/20260919T082444Z_NVIDIA_GeForce_RTX_5090/sass/dense_mxf8f6f4_e3m2xe5m2_ue8m0-1X_8161a7bbaf05.sass.txt,results/20260919T082444Z_NVIDIA_GeForce_RTX_5090/sass/dense_mxf8f6f4_e3m2xe5m2_ue8m0-1X_8161a7bbaf05.sass.json,
PASS,DOCUMENTED,dense/mxf8f6f4/e3m2xe5m2/ue8m0-default-1X,0,1,f32,16,8,32,5.694528103,5.703282833,1001.707839,1000.170184,0,42,SASS_OK,QMMA.SF,32,32,32,mma.sync.aligned.kind::mxf8f6f4.block_scale.m16n8k32.row.col.f32.e3m2.e5m2.f32.ue8m0,results/20260919T082444Z_NVIDIA_GeForce_RTX_5090/ptx/dense_mxf8f6f4_e3m2xe5m2_ue8m0-default-1X_aa4b2eee5141.ptx,results/20260919T082444Z_NVIDIA_GeForce_RTX_5090/cubin/dense_mxf8f6f4_e3m2xe5m2_ue8m0-default-1X_aa4b2eee5141.cubin,results/20260919T082444Z_NVIDIA_GeForce_RTX_5090/sass/dense_mxf8f6f4_e3m2xe5m2_ue8m0-default-1X_aa4b2eee5141.sass.txt,results/20260919T082444Z_NVIDIA_GeForce_RTX_5090/sass/dense_mxf8f6f4_e3m2xe5m2_ue8m0-default-1X_aa4b2eee5141.sass.json,
PASS,DOCUMENTED,dense/mxf8f6f4/e3m2xe3m2/ue8m0-1X,0,1,f32,16,8,32,11.23948765,11.24488258,507.5189918,507.2755004,0,42,SASS_OK,QMMA.SF,32,32,32,mma.sync.aligned.kind::mxf8f6f4.block_scale.scale_vec::1X.m16n8k32.row.col.f32.e3m2.e3m2.f32.ue8m0,results/20260919T082444Z_NVIDIA_GeForce_RTX_5090/ptx/dense_mxf8f6f4_e3m2xe3m2_ue8m0-1X_5e266433e841.ptx,results/20260919T082444Z_NVIDIA_GeForce_RTX_5090/cubin/dense_mxf8f6f4_e3m2xe3m2_ue8m0-1X_5e266433e841.cubin,results/20260919T082444Z_NVIDIA_GeForce_RTX_5090/sass/dense_mxf8f6f4_e3m2xe3m2_ue8m0-1X_5e266433e841.sass.txt,results/20260919T082444Z_NVIDIA_GeForce_RTX_5090/sass/dense_mxf8f6f4_e3m2xe3m2_ue8m0-1X_5e266433e841.sass.json,
PASS,DOCUMENTED,dense/mxf8f6f4/e3m2xe3m2/ue8m0-default-1X,0,1,f32,16,8,32,11.23932838,11.24540138,507.5261835,507.2520976,0,42,SASS_OK,QMMA.SF,32,32,32,mma.sync.aligned.kind::mxf8f6f4.block_scale.m16n8k32.row.col.f32.e3m2.e3m2.f32.ue8m0,results/20260919T082444Z_NVIDIA_GeForce_RTX_5090/ptx/dense_mxf8f6f4_e3m2xe3m2_ue8m0-default-1X_9f9ea9a72cc9.ptx,results/20260919T082444Z_NVIDIA_GeForce_RTX_5090/cubin/dense_mxf8f6f4_e3m2xe3m2_ue8m0-default-1X_9f9ea9a72cc9.cubin,results/20260919T082444Z_NVIDIA_GeForce_RTX_5090/sass/dense_mxf8f6f4_e3m2xe3m2_ue8m0-default-1X_9f9ea9a72cc9.sass.txt,results/20260919T082444Z_NVIDIA_GeForce_RTX_5090/sass/dense_mxf8f6f4_e3m2xe3m2_ue8m0-default-1X_9f9ea9a72cc9.sass.json,
PASS,DOCUMENTED,dense/mxf8f6f4/e3m2xe2m3/ue8m0-1X,0,1,f32,16,8,32,11.24156761,11.24686718,507.4250885,507.1859878,0,42,SASS_OK,QMMA.SF,32,32,32,mma.sync.aligned.kind::mxf8f6f4.block_scale.scale_vec::1X.m16n8k32.row.col.f32.e3m2.e2m3.f32.ue8m0,results/20260919T082444Z_NVIDIA_GeForce_RTX_5090/ptx/dense_mxf8f6f4_e3m2xe2m3_ue8m0-1X_1dffe506f099.ptx,results/20260919T082444Z_NVIDIA_GeForce_RTX_5090/cubin/dense_mxf8f6f4_e3m2xe2m3_ue8m0-1X_1dffe506f099.cubin,results/20260919T082444Z_NVIDIA_GeForce_RTX_5090/sass/dense_mxf8f6f4_e3m2xe2m3_ue8m0-1X_1dffe506f099.sass.txt,results/20260919T082444Z_NVIDIA_GeForce_RTX_5090/sass/dense_mxf8f6f4_e3m2xe2m3_ue8m0-1X_1dffe506f099.sass.json,
PASS,DOCUMENTED,dense/mxf8f6f4/e3m2xe2m3/ue8m0-default-1X,0,1,f32,16,8,32,11.23948765,11.24477386,507.5189918,507.280405,0,42,SASS_OK,QMMA.SF,32,32,32,mma.sync.aligned.kind::mxf8f6f4.block_scale.m16n8k32.row.col.f32.e3m2.e2m3.f32.ue8m0,results/20260919T082444Z_NVIDIA_GeForce_RTX_5090/ptx/dense_mxf8f6f4_e3m2xe2m3_ue8m0-default-1X_07ed40bcdff9.ptx,results/20260919T082444Z_NVIDIA_GeForce_RTX_5090/cubin/dense_mxf8f6f4_e3m2xe2m3_ue8m0-default-1X_07ed40bcdff9.cubin,results/20260919T082444Z_NVIDIA_GeForce_RTX_5090/sass/dense_mxf8f6f4_e3m2xe2m3_ue8m0-default-1X_07ed40bcdff9.sass.txt,results/20260919T082444Z_NVIDIA_GeForce_RTX_5090/sass/dense_mxf8f6f4_e3m2xe2m3_ue8m0-default-1X_07ed40bcdff9.sass.json,
PASS,DOCUMENTED,dense/mxf8f6f4/e3m2xe2m1/ue8m0-1X,0,1,f32,16,8,32,11.23859215,11.2436285,507.5594314,507.3320805,0,42,SASS_OK,QMMA.SF,32,32,32,mma.sync.aligned.kind::mxf8f6f4.block_scale.scale_vec::1X.m16n8k32.row.col.f32.e3m2.e2m1.f32.ue8m0,results/20260919T082444Z_NVIDIA_GeForce_RTX_5090/ptx/dense_mxf8f6f4_e3m2xe2m1_ue8m0-1X_82f17963b0e5.ptx,results/20260919T082444Z_NVIDIA_GeForce_RTX_5090/cubin/dense_mxf8f6f4_e3m2xe2m1_ue8m0-1X_82f17963b0e5.cubin,results/20260919T082444Z_NVIDIA_GeForce_RTX_5090/sass/dense_mxf8f6f4_e3m2xe2m1_ue8m0-1X_82f17963b0e5.sass.txt,results/20260919T082444Z_NVIDIA_GeForce_RTX_5090/sass/dense_mxf8f6f4_e3m2xe2m1_ue8m0-1X_82f17963b0e5.sass.json,
PASS,DOCUMENTED,dense/mxf8f6f4/e3m2xe2m1/ue8m0-default-1X,0,1,f32,16,8,32,11.23939228,11.24382687,507.5232982,507.3231301,0,42,SASS_OK,QMMA.SF,32,32,32,mma.sync.aligned.kind::mxf8f6f4.block_scale.m16n8k32.row.col.f32.e3m2.e2m1.f32.ue8m0,results/20260919T082444Z_NVIDIA_GeForce_RTX_5090/ptx/dense_mxf8f6f4_e3m2xe2m1_ue8m0-default-1X_d2a697190d81.ptx,results/20260919T082444Z_NVIDIA_GeForce_RTX_5090/cubin/dense_mxf8f6f4_e3m2xe2m1_ue8m0-default-1X_d2a697190d81.cubin,results/20260919T082444Z_NVIDIA_GeForce_RTX_5090/sass/dense_mxf8f6f4_e3m2xe2m1_ue8m0-default-1X_d2a697190d81.sass.txt,results/20260919T082444Z_NVIDIA_GeForce_RTX_5090/sass/dense_mxf8f6f4_e3m2xe2m1_ue8m0-default-1X_d2a697190d81.sass.json,
PASS,DOCUMENTED,dense/mxf8f6f4/e2m3xe4m3/ue8m0-1X,0,1,f32,16,8,32,5.696576118,5.704006195,1001.347708,1000.043346,0,42,SASS_OK,QMMA.SF,32,32,32,mma.sync.aligned.kind::mxf8f6f4.block_scale.scale_vec::1X.m16n8k32.row.col.f32.e2m3.e4m3.f32.ue8m0,results/20260919T082444Z_NVIDIA_GeForce_RTX_5090/ptx/dense_mxf8f6f4_e2m3xe4m3_ue8m0-1X_372fd52fa125.ptx,results/20260919T082444Z_NVIDIA_GeForce_RTX_5090/cubin/dense_mxf8f6f4_e2m3xe4m3_ue8m0-1X_372fd52fa125.cubin,results/20260919T082444Z_NVIDIA_GeForce_RTX_5090/sass/dense_mxf8f6f4_e2m3xe4m3_ue8m0-1X_372fd52fa125.sass.txt,results/20260919T082444Z_NVIDIA_GeForce_RTX_5090/sass/dense_mxf8f6f4_e2m3xe4m3_ue8m0-1X_372fd52fa125.sass.json,
PASS,DOCUMENTED,dense/mxf8f6f4/e2m3xe4m3/ue8m0-default-1X,0,1,f32,16,8,32,5.696576118,5.706636906,1001.347708,999.5823344,0,42,SASS_OK,QMMA.SF,32,32,32,mma.sync.aligned.kind::mxf8f6f4.block_scale.m16n8k32.row.col.f32.e2m3.e4m3.f32.ue8m0,results/20260919T082444Z_NVIDIA_GeForce_RTX_5090/ptx/dense_mxf8f6f4_e2m3xe4m3_ue8m0-default-1X_bcd499542c61.ptx,results/20260919T082444Z_NVIDIA_GeForce_RTX_5090/cubin/dense_mxf8f6f4_e2m3xe4m3_ue8m0-default-1X_bcd499542c61.cubin,results/20260919T082444Z_NVIDIA_GeForce_RTX_5090/sass/dense_mxf8f6f4_e2m3xe4m3_ue8m0-default-1X_bcd499542c61.sass.txt,results/20260919T082444Z_NVIDIA_GeForce_RTX_5090/sass/dense_mxf8f6f4_e2m3xe4m3_ue8m0-default-1X_bcd499542c61.sass.json,
PASS,DOCUMENTED,dense/mxf8f6f4/e2m3xe5m2/ue8m0-1X,0,1,f32,16,8,32,5.694687843,5.70446682,1001.67974,999.9625943,0,42,SASS_OK,QMMA.SF,32,32,32,mma.sync.aligned.kind::mxf8f6f4.block_scale.scale_vec::1X.m16n8k32.row.col.f32.e2m3.e5m2.f32.ue8m0,results/20260919T082444Z_NVIDIA_GeForce_RTX_5090/ptx/dense_mxf8f6f4_e2m3xe5m2_ue8m0-1X_77a43923bb5d.ptx,results/20260919T082444Z_NVIDIA_GeForce_RTX_5090/cubin/dense_mxf8f6f4_e2m3xe5m2_ue8m0-1X_77a43923bb5d.cubin,results/20260919T082444Z_NVIDIA_GeForce_RTX_5090/sass/dense_mxf8f6f4_e2m3xe5m2_ue8m0-1X_77a43923bb5d.sass.txt,results/20260919T082444Z_NVIDIA_GeForce_RTX_5090/sass/dense_mxf8f6f4_e2m3xe5m2_ue8m0-1X_77a43923bb5d.sass.json,
PASS,DOCUMENTED,dense/mxf8f6f4/e2m3xe5m2/ue8m0-default-1X,0,1,f32,16,8,32,5.694528103,5.701977253,1001.707839,1000.399193,0,42,SASS_OK,QMMA.SF,32,32,32,mma.sync.aligned.kind::mxf8f6f4.block_scale.m16n8k32.row.col.f32.e2m3.e5m2.f32.ue8m0,results/20260919T082444Z_NVIDIA_GeForce_RTX_5090/ptx/dense_mxf8f6f4_e2m3xe5m2_ue8m0-default-1X_9c8a585934a1.ptx,results/20260919T082444Z_NVIDIA_GeForce_RTX_5090/cubin/dense_mxf8f6f4_e2m3xe5m2_ue8m0-default-1X_9c8a585934a1.cubin,results/20260919T082444Z_NVIDIA_GeForce_RTX_5090/sass/dense_mxf8f6f4_e2m3xe5m2_ue8m0-default-1X_9c8a585934a1.sass.txt,results/20260919T082444Z_NVIDIA_GeForce_RTX_5090/sass/dense_mxf8f6f4_e2m3xe5m2_ue8m0-default-1X_9c8a585934a1.sass.json,
PASS,DOCUMENTED,dense/mxf8f6f4/e2m3xe3m2/ue8m0-1X,0,1,f32,16,8,32,11.23945618,11.24485207,507.5204129,507.2768771,0,42,SASS_OK,QMMA.SF,32,32,32,mma.sync.aligned.kind::mxf8f6f4.block_scale.scale_vec::1X.m16n8k32.row.col.f32.e2m3.e3m2.f32.ue8m0,results/20260919T082444Z_NVIDIA_GeForce_RTX_5090/ptx/dense_mxf8f6f4_e2m3xe3m2_ue8m0-1X_feaaf13dcf79.ptx,results/20260919T082444Z_NVIDIA_GeForce_RTX_5090/cubin/dense_mxf8f6f4_e2m3xe3m2_ue8m0-1X_feaaf13dcf79.cubin,results/20260919T082444Z_NVIDIA_GeForce_RTX_5090/sass/dense_mxf8f6f4_e2m3xe3m2_ue8m0-1X_feaaf13dcf79.sass.txt,results/20260919T082444Z_NVIDIA_GeForce_RTX_5090/sass/dense_mxf8f6f4_e2m3xe3m2_ue8m0-1X_feaaf13dcf79.sass.json,
PASS,DOCUMENTED,dense/mxf8f6f4/e2m3xe3m2/ue8m0-default-1X,0,1,f32,16,8,32,11.23942375,11.24400139,507.5218771,507.3152557,0,42,SASS_OK,QMMA.SF,32,32,32,mma.sync.aligned.kind::mxf8f6f4.block_scale.m16n8k32.row.col.f32.e2m3.e3m2.f32.ue8m0,results/20260919T082444Z_NVIDIA_GeForce_RTX_5090/ptx/dense_mxf8f6f4_e2m3xe3m2_ue8m0-default-1X_48e1dac90d59.ptx,results/20260919T082444Z_NVIDIA_GeForce_RTX_5090/cubin/dense_mxf8f6f4_e2m3xe3m2_ue8m0-default-1X_48e1dac90d59.cubin,results/20260919T082444Z_NVIDIA_GeForce_RTX_5090/sass/dense_mxf8f6f4_e2m3xe3m2_ue8m0-default-1X_48e1dac90d59.sass.txt,results/20260919T082444Z_NVIDIA_GeForce_RTX_5090/sass/dense_mxf8f6f4_e2m3xe3m2_ue8m0-default-1X_48e1dac90d59.sass.json,
PASS,DOCUMENTED,dense/mxf8f6f4/e2m3xe2m3/ue8m0-1X,0,1,f32,16,8,32,11.2399683,11.24474907,507.4972889,507.2815236,0,42,SASS_OK,QMMA.SF,32,32,32,mma.sync.aligned.kind::mxf8f6f4.block_scale.scale_vec::1X.m16n8k32.row.col.f32.e2m3.e2m3.f32.ue8m0,results/20260919T082444Z_NVIDIA_GeForce_RTX_5090/ptx/dense_mxf8f6f4_e2m3xe2m3_ue8m0-1X_8ccb1b202fe1.ptx,results/20260919T082444Z_NVIDIA_GeForce_RTX_5090/cubin/dense_mxf8f6f4_e2m3xe2m3_ue8m0-1X_8ccb1b202fe1.cubin,results/20260919T082444Z_NVIDIA_GeForce_RTX_5090/sass/dense_mxf8f6f4_e2m3xe2m3_ue8m0-1X_8ccb1b202fe1.sass.txt,results/20260919T082444Z_NVIDIA_GeForce_RTX_5090/sass/dense_mxf8f6f4_e2m3xe2m3_ue8m0-1X_8ccb1b202fe1.sass.json,
PASS,DOCUMENTED,dense/mxf8f6f4/e2m3xe2m3/ue8m0-default-1X,0,1,f32,16,8,32,11.23737621,11.24410152,507.6143516,507.3107378,0,42,SASS_OK,QMMA.SF,32,32,32,mma.sync.aligned.kind::mxf8f6f4.block_scale.m16n8k32.row.col.f32.e2m3.e2m3.f32.ue8m0,results/20260919T082444Z_NVIDIA_GeForce_RTX_5090/ptx/dense_mxf8f6f4_e2m3xe2m3_ue8m0-default-1X_ce9c62c6e9c9.ptx,results/20260919T082444Z_NVIDIA_GeForce_RTX_5090/cubin/dense_mxf8f6f4_e2m3xe2m3_ue8m0-default-1X_ce9c62c6e9c9.cubin,results/20260919T082444Z_NVIDIA_GeForce_RTX_5090/sass/dense_mxf8f6f4_e2m3xe2m3_ue8m0-default-1X_ce9c62c6e9c9.sass.txt,results/20260919T082444Z_NVIDIA_GeForce_RTX_5090/sass/dense_mxf8f6f4_e2m3xe2m3_ue8m0-default-1X_ce9c62c6e9c9.sass.json,
PASS,DOCUMENTED,dense/mxf8f6f4/e2m3xe2m1/ue8m0-1X,0,1,f32,16,8,32,11.23737621,11.24272728,507.6143516,507.3727485,0,42,SASS_OK,QMMA.SF,32,32,32,mma.sync.aligned.kind::mxf8f6f4.block_scale.scale_vec::1X.m16n8k32.row.col.f32.e2m3.e2m1.f32.ue8m0,results/20260919T082444Z_NVIDIA_GeForce_RTX_5090/ptx/dense_mxf8f6f4_e2m3xe2m1_ue8m0-1X_d0904ba372e5.ptx,results/20260919T082444Z_NVIDIA_GeForce_RTX_5090/cubin/dense_mxf8f6f4_e2m3xe2m1_ue8m0-1X_d0904ba372e5.cubin,results/20260919T082444Z_NVIDIA_GeForce_RTX_5090/sass/dense_mxf8f6f4_e2m3xe2m1_ue8m0-1X_d0904ba372e5.sass.txt,results/20260919T082444Z_NVIDIA_GeForce_RTX_5090/sass/dense_mxf8f6f4_e2m3xe2m1_ue8m0-1X_d0904ba372e5.sass.json,
PASS,DOCUMENTED,dense/mxf8f6f4/e2m3xe2m1/ue8m0-default-1X,0,1,f32,16,8,32,11.23820782,11.24481297,507.5767892,507.2786411,0,42,SASS_OK,QMMA.SF,32,32,32,mma.sync.aligned.kind::mxf8f6f4.block_scale.m16n8k32.row.col.f32.e2m3.e2m1.f32.ue8m0,results/20260919T082444Z_NVIDIA_GeForce_RTX_5090/ptx/dense_mxf8f6f4_e2m3xe2m1_ue8m0-default-1X_0189440e11f9.ptx,results/20260919T082444Z_NVIDIA_GeForce_RTX_5090/cubin/dense_mxf8f6f4_e2m3xe2m1_ue8m0-default-1X_0189440e11f9.cubin,results/20260919T082444Z_NVIDIA_GeForce_RTX_5090/sass/dense_mxf8f6f4_e2m3xe2m1_ue8m0-default-1X_0189440e11f9.sass.txt,results/20260919T082444Z_NVIDIA_GeForce_RTX_5090/sass/dense_mxf8f6f4_e2m3xe2m1_ue8m0-default-1X_0189440e11f9.sass.json,
PASS,DOCUMENTED,dense/mxf8f6f4/e2m1xe4m3/ue8m0-1X,0,1,f32,16,8,32,5.69654417,5.705913544,1001.353324,999.7090556,0,42,SASS_OK,QMMA.SF,32,32,32,mma.sync.aligned.kind::mxf8f6f4.block_scale.scale_vec::1X.m16n8k32.row.col.f32.e2m1.e4m3.f32.ue8m0,results/20260919T082444Z_NVIDIA_GeForce_RTX_5090/ptx/dense_mxf8f6f4_e2m1xe4m3_ue8m0-1X_f5980f61d829.ptx,results/20260919T082444Z_NVIDIA_GeForce_RTX_5090/cubin/dense_mxf8f6f4_e2m1xe4m3_ue8m0-1X_f5980f61d829.cubin,results/20260919T082444Z_NVIDIA_GeForce_RTX_5090/sass/dense_mxf8f6f4_e2m1xe4m3_ue8m0-1X_f5980f61d829.sass.txt,results/20260919T082444Z_NVIDIA_GeForce_RTX_5090/sass/dense_mxf8f6f4_e2m1xe4m3_ue8m0-1X_f5980f61d829.sass.json,
PASS,DOCUMENTED,dense/mxf8f6f4/e2m1xe4m3/ue8m0-default-1X,0,1,f32,16,8,32,5.694431782,5.703584194,1001.724783,1000.117338,0,42,SASS_OK,QMMA.SF,32,32,32,mma.sync.aligned.kind::mxf8f6f4.block_scale.m16n8k32.row.col.f32.e2m1.e4m3.f32.ue8m0,results/20260919T082444Z_NVIDIA_GeForce_RTX_5090/ptx/dense_mxf8f6f4_e2m1xe4m3_ue8m0-default-1X_a795a7493be9.ptx,results/20260919T082444Z_NVIDIA_GeForce_RTX_5090/cubin/dense_mxf8f6f4_e2m1xe4m3_ue8m0-default-1X_a795a7493be9.cubin,results/20260919T082444Z_NVIDIA_GeForce_RTX_5090/sass/dense_mxf8f6f4_e2m1xe4m3_ue8m0-default-1X_a795a7493be9.sass.txt,results/20260919T082444Z_NVIDIA_GeForce_RTX_5090/sass/dense_mxf8f6f4_e2m1xe4m3_ue8m0-default-1X_a795a7493be9.sass.json,
PASS,DOCUMENTED,dense/mxf8f6f4/e2m1xe5m2/ue8m0-1X,0,1,f32,16,8,32,5.694560051,5.703033447,1001.702219,1000.21392,0,42,SASS_OK,QMMA.SF,32,32,32,mma.sync.aligned.kind::mxf8f6f4.block_scale.scale_vec::1X.m16n8k32.row.col.f32.e2m1.e5m2.f32.ue8m0,results/20260919T082444Z_NVIDIA_GeForce_RTX_5090/ptx/dense_mxf8f6f4_e2m1xe5m2_ue8m0-1X_7f309ef1dbd9.ptx,results/20260919T082444Z_NVIDIA_GeForce_RTX_5090/cubin/dense_mxf8f6f4_e2m1xe5m2_ue8m0-1X_7f309ef1dbd9.cubin,results/20260919T082444Z_NVIDIA_GeForce_RTX_5090/sass/dense_mxf8f6f4_e2m1xe5m2_ue8m0-1X_7f309ef1dbd9.sass.txt,results/20260919T082444Z_NVIDIA_GeForce_RTX_5090/sass/dense_mxf8f6f4_e2m1xe5m2_ue8m0-1X_7f309ef1dbd9.sass.json,
PASS,DOCUMENTED,dense/mxf8f6f4/e2m1xe5m2/ue8m0-default-1X,0,1,f32,16,8,32,5.694623947,5.700594902,1001.69098,1000.641782,0,42,SASS_OK,QMMA.SF,32,32,32,mma.sync.aligned.kind::mxf8f6f4.block_scale.m16n8k32.row.col.f32.e2m1.e5m2.f32.ue8m0,results/20260919T082444Z_NVIDIA_GeForce_RTX_5090/ptx/dense_mxf8f6f4_e2m1xe5m2_ue8m0-default-1X_bd0d0fd2ab21.ptx,results/20260919T082444Z_NVIDIA_GeForce_RTX_5090/cubin/dense_mxf8f6f4_e2m1xe5m2_ue8m0-default-1X_bd0d0fd2ab21.cubin,results/20260919T082444Z_NVIDIA_GeForce_RTX_5090/sass/dense_mxf8f6f4_e2m1xe5m2_ue8m0-default-1X_bd0d0fd2ab21.sass.txt,results/20260919T082444Z_NVIDIA_GeForce_RTX_5090/sass/dense_mxf8f6f4_e2m1xe5m2_ue8m0-default-1X_bd0d0fd2ab21.sass.json,
PASS,DOCUMENTED,dense/mxf8f6f4/e2m1xe3m2/ue8m0-1X,0,1,f32,16,8,32,11.23948765,11.24486351,507.5189918,507.2763609,0,42,SASS_OK,QMMA.SF,32,32,32,mma.sync.aligned.kind::mxf8f6f4.block_scale.scale_vec::1X.m16n8k32.row.col.f32.e2m1.e3m2.f32.ue8m0,results/20260919T082444Z_NVIDIA_GeForce_RTX_5090/ptx/dense_mxf8f6f4_e2m1xe3m2_ue8m0-1X_6493d5d0f065.ptx,results/20260919T082444Z_NVIDIA_GeForce_RTX_5090/cubin/dense_mxf8f6f4_e2m1xe3m2_ue8m0-1X_6493d5d0f065.cubin,results/20260919T082444Z_NVIDIA_GeForce_RTX_5090/sass/dense_mxf8f6f4_e2m1xe3m2_ue8m0-1X_6493d5d0f065.sass.txt,results/20260919T082444Z_NVIDIA_GeForce_RTX_5090/sass/dense_mxf8f6f4_e2m1xe3m2_ue8m0-1X_6493d5d0f065.sass.json,
PASS,DOCUMENTED,dense/mxf8f6f4/e2m1xe3m2/ue8m0-default-1X,0,1,f32,16,8,32,11.24150372,11.24570274,507.4279727,507.2385044,0,42,SASS_OK,QMMA.SF,32,32,32,mma.sync.aligned.kind::mxf8f6f4.block_scale.m16n8k32.row.col.f32.e2m1.e3m2.f32.ue8m0,results/20260919T082444Z_NVIDIA_GeForce_RTX_5090/ptx/dense_mxf8f6f4_e2m1xe3m2_ue8m0-default-1X_00c0a502b819.ptx,results/20260919T082444Z_NVIDIA_GeForce_RTX_5090/cubin/dense_mxf8f6f4_e2m1xe3m2_ue8m0-default-1X_00c0a502b819.cubin,results/20260919T082444Z_NVIDIA_GeForce_RTX_5090/sass/dense_mxf8f6f4_e2m1xe3m2_ue8m0-default-1X_00c0a502b819.sass.txt,results/20260919T082444Z_NVIDIA_GeForce_RTX_5090/sass/dense_mxf8f6f4_e2m1xe3m2_ue8m0-default-1X_00c0a502b819.sass.json,
PASS,DOCUMENTED,dense/mxf8f6f4/e2m1xe2m3/ue8m0-1X,0,1,f32,16,8,32,11.23948765,11.243783,507.5189918,507.3251095,0,42,SASS_OK,QMMA.SF,32,32,32,mma.sync.aligned.kind::mxf8f6f4.block_scale.scale_vec::1X.m16n8k32.row.col.f32.e2m1.e2m3.f32.ue8m0,results/20260919T082444Z_NVIDIA_GeForce_RTX_5090/ptx/dense_mxf8f6f4_e2m1xe2m3_ue8m0-1X_febafae97835.ptx,results/20260919T082444Z_NVIDIA_GeForce_RTX_5090/cubin/dense_mxf8f6f4_e2m1xe2m3_ue8m0-1X_febafae97835.cubin,results/20260919T082444Z_NVIDIA_GeForce_RTX_5090/sass/dense_mxf8f6f4_e2m1xe2m3_ue8m0-1X_febafae97835.sass.txt,results/20260919T082444Z_NVIDIA_GeForce_RTX_5090/sass/dense_mxf8f6f4_e2m1xe2m3_ue8m0-1X_febafae97835.sass.json,
PASS,DOCUMENTED,dense/mxf8f6f4/e2m1xe2m3/ue8m0-default-1X,0,1,f32,16,8,32,11.23779202,11.24401283,507.5955697,507.3147394,0,42,SASS_OK,QMMA.SF,32,32,32,mma.sync.aligned.kind::mxf8f6f4.block_scale.m16n8k32.row.col.f32.e2m1.e2m3.f32.ue8m0,results/20260919T082444Z_NVIDIA_GeForce_RTX_5090/ptx/dense_mxf8f6f4_e2m1xe2m3_ue8m0-default-1X_f539855ad7e1.ptx,results/20260919T082444Z_NVIDIA_GeForce_RTX_5090/cubin/dense_mxf8f6f4_e2m1xe2m3_ue8m0-default-1X_f539855ad7e1.cubin,results/20260919T082444Z_NVIDIA_GeForce_RTX_5090/sass/dense_mxf8f6f4_e2m1xe2m3_ue8m0-default-1X_f539855ad7e1.sass.txt,results/20260919T082444Z_NVIDIA_GeForce_RTX_5090/sass/dense_mxf8f6f4_e2m1xe2m3_ue8m0-default-1X_f539855ad7e1.sass.json,
PASS,DOCUMENTED,dense/mxf8f6f4/e2m1xe2m1/ue8m0-1X,0,1,f32,16,8,32,11.23772812,11.2433157,507.5984558,507.3461952,0,42,SASS_OK,QMMA.SF,32,32,32,mma.sync.aligned.kind::mxf8f6f4.block_scale.scale_vec::1X.m16n8k32.row.col.f32.e2m1.e2m1.f32.ue8m0,results/20260919T082444Z_NVIDIA_GeForce_RTX_5090/ptx/dense_mxf8f6f4_e2m1xe2m1_ue8m0-1X_223e609d00e9.ptx,results/20260919T082444Z_NVIDIA_GeForce_RTX_5090/cubin/dense_mxf8f6f4_e2m1xe2m1_ue8m0-1X_223e609d00e9.cubin,results/20260919T082444Z_NVIDIA_GeForce_RTX_5090/sass/dense_mxf8f6f4_e2m1xe2m1_ue8m0-1X_223e609d00e9.sass.txt,results/20260919T082444Z_NVIDIA_GeForce_RTX_5090/sass/dense_mxf8f6f4_e2m1xe2m1_ue8m0-1X_223e609d00e9.sass.json,
PASS,DOCUMENTED,dense/mxf8f6f4/e2m1xe2m1/ue8m0-default-1X,0,1,f32,16,8,32,11.23772812,11.24289322,507.5984558,507.3652599,0,42,SASS_OK,QMMA.SF,32,32,32,mma.sync.aligned.kind::mxf8f6f4.block_scale.m16n8k32.row.col.f32.e2m1.e2m1.f32.ue8m0,results/20260919T082444Z_NVIDIA_GeForce_RTX_5090/ptx/dense_mxf8f6f4_e2m1xe2m1_ue8m0-default-1X_f90eb04bd7a9.ptx,results/20260919T082444Z_NVIDIA_GeForce_RTX_5090/cubin/dense_mxf8f6f4_e2m1xe2m1_ue8m0-default-1X_f90eb04bd7a9.cubin,results/20260919T082444Z_NVIDIA_GeForce_RTX_5090/sass/dense_mxf8f6f4_e2m1xe2m1_ue8m0-default-1X_f90eb04bd7a9.sass.txt,results/20260919T082444Z_NVIDIA_GeForce_RTX_5090/sass/dense_mxf8f6f4_e2m1xe2m1_ue8m0-default-1X_f90eb04bd7a9.sass.json,
PASS,DOCUMENTED,dense/mxf4/e2m1xe2m1/ue8m0-2X,0,1,f32,16,8,64,5.694719791,5.702374458,2003.348242,2000.659017,0,42,SASS_OK,OMMA.SF,32,32,32,mma.sync.aligned.kind::mxf4.block_scale.scale_vec::2X.m16n8k64.row.col.f32.e2m1.e2m1.f32.ue8m0,results/20260919T082444Z_NVIDIA_GeForce_RTX_5090/ptx/dense_mxf4_e2m1xe2m1_ue8m0-2X_0298ed30e8b6.ptx,results/20260919T082444Z_NVIDIA_GeForce_RTX_5090/cubin/dense_mxf4_e2m1xe2m1_ue8m0-2X_0298ed30e8b6.cubin,results/20260919T082444Z_NVIDIA_GeForce_RTX_5090/sass/dense_mxf4_e2m1xe2m1_ue8m0-2X_0298ed30e8b6.sass.txt,results/20260919T082444Z_NVIDIA_GeForce_RTX_5090/sass/dense_mxf4_e2m1xe2m1_ue8m0-2X_0298ed30e8b6.sass.json,
PASS,DOCUMENTED,dense/mxf4/e2m1xe2m1/ue8m0-default-2X,0,1,f32,16,8,64,5.694591999,5.707379341,2003.393199,1998.904611,0,42,SASS_OK,OMMA.SF,32,32,32,mma.sync.aligned.kind::mxf4.block_scale.m16n8k64.row.col.f32.e2m1.e2m1.f32.ue8m0,results/20260919T082444Z_NVIDIA_GeForce_RTX_5090/ptx/dense_mxf4_e2m1xe2m1_ue8m0-default-2X_b70761842afb.ptx,results/20260919T082444Z_NVIDIA_GeForce_RTX_5090/cubin/dense_mxf4_e2m1xe2m1_ue8m0-default-2X_b70761842afb.cubin,results/20260919T082444Z_NVIDIA_GeForce_RTX_5090/sass/dense_mxf4_e2m1xe2m1_ue8m0-default-2X_b70761842afb.sass.txt,results/20260919T082444Z_NVIDIA_GeForce_RTX_5090/sass/dense_mxf4_e2m1xe2m1_ue8m0-default-2X_b70761842afb.sass.json,
PASS,DOCUMENTED,dense/mxf4nvf4/e2m1xe2m1/ue8m0-2X,0,1,f32,16,8,64,5.692671776,5.699468613,2004.068973,2001.679043,0,42,SASS_OK,OMMA.SF,32,32,32,mma.sync.aligned.kind::mxf4nvf4.block_scale.scale_vec::2X.m16n8k64.row.col.f32.e2m1.e2m1.f32.ue8m0,results/20260919T082444Z_NVIDIA_GeForce_RTX_5090/ptx/dense_mxf4nvf4_e2m1xe2m1_ue8m0-2X_079e7ae3717e.ptx,results/20260919T082444Z_NVIDIA_GeForce_RTX_5090/cubin/dense_mxf4nvf4_e2m1xe2m1_ue8m0-2X_079e7ae3717e.cubin,results/20260919T082444Z_NVIDIA_GeForce_RTX_5090/sass/dense_mxf4nvf4_e2m1xe2m1_ue8m0-2X_079e7ae3717e.sass.txt,results/20260919T082444Z_NVIDIA_GeForce_RTX_5090/sass/dense_mxf4nvf4_e2m1xe2m1_ue8m0-2X_079e7ae3717e.sass.json,
FAIL_DOCUMENTED,DOCUMENTED,dense/mxf4nvf4/e2m1xe2m1/ue8m0-4X,0,1,f32,16,8,64,0,0,0,0,0,0,NOT_CHECKED,,0,0,0,mma.sync.aligned.kind::mxf4nvf4.block_scale.scale_vec::4X.m16n8k64.row.col.f32.e2m1.e2m1.f32.ue8m0,results/20260919T082444Z_NVIDIA_GeForce_RTX_5090/ptx/dense_mxf4nvf4_e2m1xe2m1_ue8m0-4X_70da9667c3ea.ptx,,,,
PASS,DOCUMENTED,dense/mxf4nvf4/e2m1xe2m1/ue4m3-4X,0,1,f32,16,8,64,5.692543983,5.697695732,2004.113963,2002.301881,0,42,SASS_OK,OMMA.SF,32,32,32,mma.sync.aligned.kind::mxf4nvf4.block_scale.scale_vec::4X.m16n8k64.row.col.f32.e2m1.e2m1.f32.ue4m3,results/20260919T082444Z_NVIDIA_GeForce_RTX_5090/ptx/dense_mxf4nvf4_e2m1xe2m1_ue4m3-4X_7b3aa65a6d22.ptx,results/20260919T082444Z_NVIDIA_GeForce_RTX_5090/cubin/dense_mxf4nvf4_e2m1xe2m1_ue4m3-4X_7b3aa65a6d22.cubin,results/20260919T082444Z_NVIDIA_GeForce_RTX_5090/sass/dense_mxf4nvf4_e2m1xe2m1_ue4m3-4X_7b3aa65a6d22.sass.txt,results/20260919T082444Z_NVIDIA_GeForce_RTX_5090/sass/dense_mxf4nvf4_e2m1xe2m1_ue4m3-4X_7b3aa65a6d22.sass.json,
PASS,DOCUMENTED,sparse/fp8/sp/k64/e4m3xe4m3/acc-f32,1,0,f32,16,8,64,11.2412796,11.24708366,1014.876178,1014.352451,507.4380891,46,SASS_OK,QMMA.SP,32,32,32,mma.sp.sync.aligned.m16n8k64.row.col.f32.e4m3.e4m3.f32,results/20260919T082444Z_NVIDIA_GeForce_RTX_5090/ptx/sparse_fp8_sp_k64_e4m3xe4m3_acc-f32_b1f32ef581db.ptx,results/20260919T082444Z_NVIDIA_GeForce_RTX_5090/cubin/sparse_fp8_sp_k64_e4m3xe4m3_acc-f32_b1f32ef581db.cubin,results/20260919T082444Z_NVIDIA_GeForce_RTX_5090/sass/sparse_fp8_sp_k64_e4m3xe4m3_acc-f32_b1f32ef581db.sass.txt,results/20260919T082444Z_NVIDIA_GeForce_RTX_5090/sass/sparse_fp8_sp_k64_e4m3xe4m3_acc-f32_b1f32ef581db.sass.json,
PASS,DOCUMENTED,sparse/fp8/sp/k64/e4m3xe5m2/acc-f32,1,0,f32,16,8,64,11.24559975,11.24848747,1014.4863,1014.22586,507.2431501,46,SASS_OK,QMMA.SP,32,32,32,mma.sp.sync.aligned.m16n8k64.row.col.f32.e4m3.e5m2.f32,results/20260919T082444Z_NVIDIA_GeForce_RTX_5090/ptx/sparse_fp8_sp_k64_e4m3xe5m2_acc-f32_492bf37ba5db.ptx,results/20260919T082444Z_NVIDIA_GeForce_RTX_5090/cubin/sparse_fp8_sp_k64_e4m3xe5m2_acc-f32_492bf37ba5db.cubin,results/20260919T082444Z_NVIDIA_GeForce_RTX_5090/sass/sparse_fp8_sp_k64_e4m3xe5m2_acc-f32_492bf37ba5db.sass.txt,results/20260919T082444Z_NVIDIA_GeForce_RTX_5090/sass/sparse_fp8_sp_k64_e4m3xe5m2_acc-f32_492bf37ba5db.sass.json,
PASS,DOCUMENTED,sparse/fp8/sp/k64/e5m2xe4m3/acc-f32,1,0,f32,16,8,64,11.24342442,11.25057793,1014.682579,1014.037408,507.3412894,46,SASS_OK,QMMA.SP,32,32,32,mma.sp.sync.aligned.m16n8k64.row.col.f32.e5m2.e4m3.f32,results/20260919T082444Z_NVIDIA_GeForce_RTX_5090/ptx/sparse_fp8_sp_k64_e5m2xe4m3_acc-f32_638c3cae8573.ptx,results/20260919T082444Z_NVIDIA_GeForce_RTX_5090/cubin/sparse_fp8_sp_k64_e5m2xe4m3_acc-f32_638c3cae8573.cubin,results/20260919T082444Z_NVIDIA_GeForce_RTX_5090/sass/sparse_fp8_sp_k64_e5m2xe4m3_acc-f32_638c3cae8573.sass.txt,results/20260919T082444Z_NVIDIA_GeForce_RTX_5090/sass/sparse_fp8_sp_k64_e5m2xe4m3_acc-f32_638c3cae8573.sass.json,
PASS,DOCUMENTED,sparse/fp8/sp/k64/e5m2xe5m2/acc-f32,1,0,f32,16,8,64,11.24486446,11.2498827,1014.552636,1014.100074,507.2763179,46,SASS_OK,QMMA.SP,32,32,32,mma.sp.sync.aligned.m16n8k64.row.col.f32.e5m2.e5m2.f32,results/20260919T082444Z_NVIDIA_GeForce_RTX_5090/ptx/sparse_fp8_sp_k64_e5m2xe5m2_acc-f32_33d7f9513d03.ptx,results/20260919T082444Z_NVIDIA_GeForce_RTX_5090/cubin/sparse_fp8_sp_k64_e5m2xe5m2_acc-f32_33d7f9513d03.cubin,results/20260919T082444Z_NVIDIA_GeForce_RTX_5090/sass/sparse_fp8_sp_k64_e5m2xe5m2_acc-f32_33d7f9513d03.sass.txt,results/20260919T082444Z_NVIDIA_GeForce_RTX_5090/sass/sparse_fp8_sp_k64_e5m2xe5m2_acc-f32_33d7f9513d03.sass.json,
PASS,DOCUMENTED,sparse/fp8/sp::ordered_metadata/k64/e4m3xe4m3/acc-f32,1,0,f32,16,8,64,11.23868847,11.24569035,1015.110163,1014.478127,507.5550813,46,SASS_OK,QMMA.SP,32,32,32,mma.sp::ordered_metadata.sync.aligned.m16n8k64.row.col.f32.e4m3.e4m3.f32,results/20260919T082444Z_NVIDIA_GeForce_RTX_5090/ptx/sparse_fp8_sp_ordered_metadata_k64_e4m3xe4m3_acc-f32_2ac4248accc1.ptx,results/20260919T082444Z_NVIDIA_GeForce_RTX_5090/cubin/sparse_fp8_sp_ordered_metadata_k64_e4m3xe4m3_acc-f32_2ac4248accc1.cubin,results/20260919T082444Z_NVIDIA_GeForce_RTX_5090/sass/sparse_fp8_sp_ordered_metadata_k64_e4m3xe4m3_acc-f32_2ac4248accc1.sass.txt,results/20260919T082444Z_NVIDIA_GeForce_RTX_5090/sass/sparse_fp8_sp_ordered_metadata_k64_e4m3xe4m3_acc-f32_2ac4248accc1.sass.json,
PASS,DOCUMENTED,sparse/fp8/sp::ordered_metadata/k64/e4m3xe5m2/acc-f32,1,0,f32,16,8,64,11.24387169,11.25165367,1014.642215,1013.940458,507.3211077,46,SASS_OK,QMMA.SP,32,32,32,mma.sp::ordered_metadata.sync.aligned.m16n8k64.row.col.f32.e4m3.e5m2.f32,results/20260919T082444Z_NVIDIA_GeForce_RTX_5090/ptx/sparse_fp8_sp_ordered_metadata_k64_e4m3xe5m2_acc-f32_df3715ec0bb9.ptx,results/20260919T082444Z_NVIDIA_GeForce_RTX_5090/cubin/sparse_fp8_sp_ordered_metadata_k64_e4m3xe5m2_acc-f32_df3715ec0bb9.cubin,results/20260919T082444Z_NVIDIA_GeForce_RTX_5090/sass/sparse_fp8_sp_ordered_metadata_k64_e4m3xe5m2_acc-f32_df3715ec0bb9.sass.txt,results/20260919T082444Z_NVIDIA_GeForce_RTX_5090/sass/sparse_fp8_sp_ordered_metadata_k64_e4m3xe5m2_acc-f32_df3715ec0bb9.sass.json,
PASS,DOCUMENTED,sparse/fp8/sp::ordered_metadata/k64/e5m2xe4m3/acc-f32,1,0,f32,16,8,64,11.24483204,11.2493763,1014.555561,1014.145725,507.2777806,46,SASS_OK,QMMA.SP,32,32,32,mma.sp::ordered_metadata.sync.aligned.m16n8k64.row.col.f32.e5m2.e4m3.f32,results/20260919T082444Z_NVIDIA_GeForce_RTX_5090/ptx/sparse_fp8_sp_ordered_metadata_k64_e5m2xe4m3_acc-f32_589680ca49e9.ptx,results/20260919T082444Z_NVIDIA_GeForce_RTX_5090/cubin/sparse_fp8_sp_ordered_metadata_k64_e5m2xe4m3_acc-f32_589680ca49e9.cubin,results/20260919T082444Z_NVIDIA_GeForce_RTX_5090/sass/sparse_fp8_sp_ordered_metadata_k64_e5m2xe4m3_acc-f32_589680ca49e9.sass.txt,results/20260919T082444Z_NVIDIA_GeForce_RTX_5090/sass/sparse_fp8_sp_ordered_metadata_k64_e5m2xe4m3_acc-f32_589680ca49e9.sass.json,
PASS,DOCUMENTED,sparse/fp8/sp::ordered_metadata/k64/e5m2xe5m2/acc-f32,1,0,f32,16,8,64,11.24710369,11.25193596,1014.350645,1013.915021,507.1753223,46,SASS_OK,QMMA.SP,32,32,32,mma.sp::ordered_metadata.sync.aligned.m16n8k64.row.col.f32.e5m2.e5m2.f32,results/20260919T082444Z_NVIDIA_GeForce_RTX_5090/ptx/sparse_fp8_sp_ordered_metadata_k64_e5m2xe5m2_acc-f32_2306bdd183f1.ptx,results/20260919T082444Z_NVIDIA_GeForce_RTX_5090/cubin/sparse_fp8_sp_ordered_metadata_k64_e5m2xe5m2_acc-f32_2306bdd183f1.cubin,results/20260919T082444Z_NVIDIA_GeForce_RTX_5090/sass/sparse_fp8_sp_ordered_metadata_k64_e5m2xe5m2_acc-f32_2306bdd183f1.sass.txt,results/20260919T082444Z_NVIDIA_GeForce_RTX_5090/sass/sparse_fp8_sp_ordered_metadata_k64_e5m2xe5m2_acc-f32_2306bdd183f1.sass.json,
PASS,DOCUMENTED,sparse/f8f6f4/sp::ordered_metadata/e4m3xe4m3/acc-f16,1,0,f16,16,8,64,5.702623844,5.708659172,2000.571525,1998.456474,1000.285762,28,SASS_OK,QMMA.SP,32,32,32,mma.sync.aligned.kind::f8f6f4.sp::ordered_metadata.m16n8k64.row.col.f16.e4m3.e4m3.f16,results/20260919T082444Z_NVIDIA_GeForce_RTX_5090/ptx/sparse_f8f6f4_sp_ordered_metadata_e4m3xe4m3_acc-f16_cf0e84b35443.ptx,results/20260919T082444Z_NVIDIA_GeForce_RTX_5090/cubin/sparse_f8f6f4_sp_ordered_metadata_e4m3xe4m3_acc-f16_cf0e84b35443.cubin,results/20260919T082444Z_NVIDIA_GeForce_RTX_5090/sass/sparse_f8f6f4_sp_ordered_metadata_e4m3xe4m3_acc-f16_cf0e84b35443.sass.txt,results/20260919T082444Z_NVIDIA_GeForce_RTX_5090/sass/sparse_f8f6f4_sp_ordered_metadata_e4m3xe4m3_acc-f16_cf0e84b35443.sass.json,
PASS,DOCUMENTED,sparse/f8f6f4/sp::ordered_metadata/e4m3xe4m3/acc-f32,1,0,f32,16,8,64,11.24083233,11.24627113,1014.91656,1014.425737,507.4582801,46,SASS_OK,QMMA.SP,32,32,32,mma.sync.aligned.kind::f8f6f4.sp::ordered_metadata.m16n8k64.row.col.f32.e4m3.e4m3.f32,results/20260919T082444Z_NVIDIA_GeForce_RTX_5090/ptx/sparse_f8f6f4_sp_ordered_metadata_e4m3xe4m3_acc-f32_00c1df866c19.ptx,results/20260919T082444Z_NVIDIA_GeForce_RTX_5090/cubin/sparse_f8f6f4_sp_ordered_metadata_e4m3xe4m3_acc-f32_00c1df866c19.cubin,results/20260919T082444Z_NVIDIA_GeForce_RTX_5090/sass/sparse_f8f6f4_sp_ordered_metadata_e4m3xe4m3_acc-f32_00c1df866c19.sass.txt,results/20260919T082444Z_NVIDIA_GeForce_RTX_5090/sass/sparse_f8f6f4_sp_ordered_metadata_e4m3xe4m3_acc-f32_00c1df866c19.sass.json,
PASS,DOCUMENTED,sparse/f8f6f4/sp::ordered_metadata/e4m3xe5m2/acc-f16,1,0,f16,16,8,64,5.702943802,5.708992004,2000.459285,1998.339965,1000.229642,28,SASS_OK,QMMA.SP,32,32,32,mma.sync.aligned.kind::f8f6f4.sp::ordered_metadata.m16n8k64.row.col.f16.e4m3.e5m2.f16,results/20260919T082444Z_NVIDIA_GeForce_RTX_5090/ptx/sparse_f8f6f4_sp_ordered_metadata_e4m3xe5m2_acc-f16_a360701fb06b.ptx,results/20260919T082444Z_NVIDIA_GeForce_RTX_5090/cubin/sparse_f8f6f4_sp_ordered_metadata_e4m3xe5m2_acc-f16_a360701fb06b.cubin,results/20260919T082444Z_NVIDIA_GeForce_RTX_5090/sass/sparse_f8f6f4_sp_ordered_metadata_e4m3xe5m2_acc-f16_a360701fb06b.sass.txt,results/20260919T082444Z_NVIDIA_GeForce_RTX_5090/sass/sparse_f8f6f4_sp_ordered_metadata_e4m3xe5m2_acc-f16_a360701fb06b.sass.json,
PASS,DOCUMENTED,sparse/f8f6f4/sp::ordered_metadata/e4m3xe5m2/acc-f32,1,0,f32,16,8,64,11.24582386,11.25318336,1014.466083,1013.802629,507.2330414,46,SASS_OK,QMMA.SP,32,32,32,mma.sync.aligned.kind::f8f6f4.sp::ordered_metadata.m16n8k64.row.col.f32.e4m3.e5m2.f32,results/20260919T082444Z_NVIDIA_GeForce_RTX_5090/ptx/sparse_f8f6f4_sp_ordered_metadata_e4m3xe5m2_acc-f32_0d53cca06da1.ptx,results/20260919T082444Z_NVIDIA_GeForce_RTX_5090/cubin/sparse_f8f6f4_sp_ordered_metadata_e4m3xe5m2_acc-f32_0d53cca06da1.cubin,results/20260919T082444Z_NVIDIA_GeForce_RTX_5090/sass/sparse_f8f6f4_sp_ordered_metadata_e4m3xe5m2_acc-f32_0d53cca06da1.sass.txt,results/20260919T082444Z_NVIDIA_GeForce_RTX_5090/sass/sparse_f8f6f4_sp_ordered_metadata_e4m3xe5m2_acc-f32_0d53cca06da1.sass.json,
PASS,DOCUMENTED,sparse/f8f6f4/sp::ordered_metadata/e4m3xe3m2/acc-f16,1,0,f16,16,8,64,5.703072071,5.708486557,2000.414292,1998.516904,1000.207146,28,SASS_OK,QMMA.SP,32,32,32,mma.sync.aligned.kind::f8f6f4.sp::ordered_metadata.m16n8k64.row.col.f16.e4m3.e3m2.f16,results/20260919T082444Z_NVIDIA_GeForce_RTX_5090/ptx/sparse_f8f6f4_sp_ordered_metadata_e4m3xe3m2_acc-f16_d47d3084f873.ptx,results/20260919T082444Z_NVIDIA_GeForce_RTX_5090/cubin/sparse_f8f6f4_sp_ordered_metadata_e4m3xe3m2_acc-f16_d47d3084f873.cubin,results/20260919T082444Z_NVIDIA_GeForce_RTX_5090/sass/sparse_f8f6f4_sp_ordered_metadata_e4m3xe3m2_acc-f16_d47d3084f873.sass.txt,results/20260919T082444Z_NVIDIA_GeForce_RTX_5090/sass/sparse_f8f6f4_sp_ordered_metadata_e4m3xe3m2_acc-f16_d47d3084f873.sass.json,
PASS,DOCUMENTED,sparse/f8f6f4/sp::ordered_metadata/e4m3xe3m2/acc-f32,1,0,f32,16,8,64,11.23814392,11.24578667,1015.15935,1014.469438,507.5796751,46,SASS_OK,QMMA.SP,32,32,32,mma.sync.aligned.kind::f8f6f4.sp::ordered_metadata.m16n8k64.row.col.f32.e4m3.e3m2.f32,results/20260919T082444Z_NVIDIA_GeForce_RTX_5090/ptx/sparse_f8f6f4_sp_ordered_metadata_e4m3xe3m2_acc-f32_4eba3264b621.ptx,results/20260919T082444Z_NVIDIA_GeForce_RTX_5090/cubin/sparse_f8f6f4_sp_ordered_metadata_e4m3xe3m2_acc-f32_4eba3264b621.cubin,results/20260919T082444Z_NVIDIA_GeForce_RTX_5090/sass/sparse_f8f6f4_sp_ordered_metadata_e4m3xe3m2_acc-f32_4eba3264b621.sass.txt,results/20260919T082444Z_NVIDIA_GeForce_RTX_5090/sass/sparse_f8f6f4_sp_ordered_metadata_e4m3xe3m2_acc-f32_4eba3264b621.sass.json,
PASS,DOCUMENTED,sparse/f8f6f4/sp::ordered_metadata/e4m3xe2m3/acc-f16,1,0,f16,16,8,64,5.702943802,5.708582401,2000.459285,1998.48335,1000.229642,28,SASS_OK,QMMA.SP,32,32,32,mma.sync.aligned.kind::f8f6f4.sp::ordered_metadata.m16n8k64.row.col.f16.e4m3.e2m3.f16,results/20260919T082444Z_NVIDIA_GeForce_RTX_5090/ptx/sparse_f8f6f4_sp_ordered_metadata_e4m3xe2m3_acc-f16_dc6db65510eb.ptx,results/20260919T082444Z_NVIDIA_GeForce_RTX_5090/cubin/sparse_f8f6f4_sp_ordered_metadata_e4m3xe2m3_acc-f16_dc6db65510eb.cubin,results/20260919T082444Z_NVIDIA_GeForce_RTX_5090/sass/sparse_f8f6f4_sp_ordered_metadata_e4m3xe2m3_acc-f16_dc6db65510eb.sass.txt,results/20260919T082444Z_NVIDIA_GeForce_RTX_5090/sass/sparse_f8f6f4_sp_ordered_metadata_e4m3xe2m3_acc-f16_dc6db65510eb.sass.json,
PASS,DOCUMENTED,sparse/f8f6f4/sp::ordered_metadata/e4m3xe2m3/acc-f32,1,0,f32,16,8,64,11.24342442,11.24726391,1014.682579,1014.336195,507.3412894,46,SASS_OK,QMMA.SP,32,32,32,mma.sync.aligned.kind::f8f6f4.sp::ordered_metadata.m16n8k64.row.col.f32.e4m3.e2m3.f32,results/20260919T082444Z_NVIDIA_GeForce_RTX_5090/ptx/sparse_f8f6f4_sp_ordered_metadata_e4m3xe2m3_acc-f32_98b3654bc4d9.ptx,results/20260919T082444Z_NVIDIA_GeForce_RTX_5090/cubin/sparse_f8f6f4_sp_ordered_metadata_e4m3xe2m3_acc-f32_98b3654bc4d9.cubin,results/20260919T082444Z_NVIDIA_GeForce_RTX_5090/sass/sparse_f8f6f4_sp_ordered_metadata_e4m3xe2m3_acc-f32_98b3654bc4d9.sass.txt,results/20260919T082444Z_NVIDIA_GeForce_RTX_5090/sass/sparse_f8f6f4_sp_ordered_metadata_e4m3xe2m3_acc-f32_98b3654bc4d9.sass.json,
PASS,DOCUMENTED,sparse/f8f6f4/sp::ordered_metadata/e4m3xe2m1/acc-f16,1,0,f16,16,8,64,5.701951981,5.708415985,2000.807253,1998.541611,1000.403627,28,SASS_OK,QMMA.SP,32,32,32,mma.sync.aligned.kind::f8f6f4.sp::ordered_metadata.m16n8k64.row.col.f16.e4m3.e2m1.f16,results/20260919T082444Z_NVIDIA_GeForce_RTX_5090/ptx/sparse_f8f6f4_sp_ordered_metadata_e4m3xe2m1_acc-f16_935cc9bb89fb.ptx,results/20260919T082444Z_NVIDIA_GeForce_RTX_5090/cubin/sparse_f8f6f4_sp_ordered_metadata_e4m3xe2m1_acc-f16_935cc9bb89fb.cubin,results/20260919T082444Z_NVIDIA_GeForce_RTX_5090/sass/sparse_f8f6f4_sp_ordered_metadata_e4m3xe2m1_acc-f16_935cc9bb89fb.sass.txt,results/20260919T082444Z_NVIDIA_GeForce_RTX_5090/sass/sparse_f8f6f4_sp_ordered_metadata_e4m3xe2m1_acc-f16_935cc9bb89fb.sass.json,
PASS,DOCUMENTED,sparse/f8f6f4/sp::ordered_metadata/e4m3xe2m1/acc-f32,1,0,f32,16,8,64,11.24022388,11.2436409,1014.971499,1014.663042,507.4857493,46,SASS_OK,QMMA.SP,32,32,32,mma.sync.aligned.kind::f8f6f4.sp::ordered_metadata.m16n8k64.row.col.f32.e4m3.e2m1.f32,results/20260919T082444Z_NVIDIA_GeForce_RTX_5090/ptx/sparse_f8f6f4_sp_ordered_metadata_e4m3xe2m1_acc-f32_e9fe49902889.ptx,results/20260919T082444Z_NVIDIA_GeForce_RTX_5090/cubin/sparse_f8f6f4_sp_ordered_metadata_e4m3xe2m1_acc-f32_e9fe49902889.cubin,results/20260919T082444Z_NVIDIA_GeForce_RTX_5090/sass/sparse_f8f6f4_sp_ordered_metadata_e4m3xe2m1_acc-f32_e9fe49902889.sass.txt,results/20260919T082444Z_NVIDIA_GeForce_RTX_5090/sass/sparse_f8f6f4_sp_ordered_metadata_e4m3xe2m1_acc-f32_e9fe49902889.sass.json,
PASS,DOCUMENTED,sparse/f8f6f4/sp::ordered_metadata/e5m2xe4m3/acc-f16,1,0,f16,16,8,64,5.703135967,5.708601475,2000.39188,1998.476673,1000.19594,28,SASS_OK,QMMA.SP,32,32,32,mma.sync.aligned.kind::f8f6f4.sp::ordered_metadata.m16n8k64.row.col.f16.e5m2.e4m3.f16,results/20260919T082444Z_NVIDIA_GeForce_RTX_5090/ptx/sparse_f8f6f4_sp_ordered_metadata_e5m2xe4m3_acc-f16_5371e91bfa4b.ptx,results/20260919T082444Z_NVIDIA_GeForce_RTX_5090/cubin/sparse_f8f6f4_sp_ordered_metadata_e5m2xe4m3_acc-f16_5371e91bfa4b.cubin,results/20260919T082444Z_NVIDIA_GeForce_RTX_5090/sass/sparse_f8f6f4_sp_ordered_metadata_e5m2xe4m3_acc-f16_5371e91bfa4b.sass.txt,results/20260919T082444Z_NVIDIA_GeForce_RTX_5090/sass/sparse_f8f6f4_sp_ordered_metadata_e5m2xe4m3_acc-f16_5371e91bfa4b.sass.json,
PASS,DOCUMENTED,sparse/f8f6f4/sp::ordered_metadata/e5m2xe4m3/acc-f32,1,0,f32,16,8,64,11.23993587,11.24540806,1014.997506,1014.503593,507.498753,46,SASS_OK,QMMA.SP,32,32,32,mma.sync.aligned.kind::f8f6f4.sp::ordered_metadata.m16n8k64.row.col.f32.e5m2.e4m3.f32,results/20260919T082444Z_NVIDIA_GeForce_RTX_5090/ptx/sparse_f8f6f4_sp_ordered_metadata_e5m2xe4m3_acc-f32_cbe959ded341.ptx,results/20260919T082444Z_NVIDIA_GeForce_RTX_5090/cubin/sparse_f8f6f4_sp_ordered_metadata_e5m2xe4m3_acc-f32_cbe959ded341.cubin,results/20260919T082444Z_NVIDIA_GeForce_RTX_5090/sass/sparse_f8f6f4_sp_ordered_metadata_e5m2xe4m3_acc-f32_cbe959ded341.sass.txt,results/20260919T082444Z_NVIDIA_GeForce_RTX_5090/sass/sparse_f8f6f4_sp_ordered_metadata_e5m2xe4m3_acc-f32_cbe959ded341.sass.json,
PASS,DOCUMENTED,sparse/f8f6f4/sp::ordered_metadata/e5m2xe5m2/acc-f16,1,0,f16,16,8,64,5.705503941,5.711929798,1999.561651,1997.312167,999.7808256,28,SASS_OK,QMMA.SP,32,32,32,mma.sync.aligned.kind::f8f6f4.sp::ordered_metadata.m16n8k64.row.col.f16.e5m2.e5m2.f16,results/20260919T082444Z_NVIDIA_GeForce_RTX_5090/ptx/sparse_f8f6f4_sp_ordered_metadata_e5m2xe5m2_acc-f16_aa758dff0fb3.ptx,results/20260919T082444Z_NVIDIA_GeForce_RTX_5090/cubin/sparse_f8f6f4_sp_ordered_metadata_e5m2xe5m2_acc-f16_aa758dff0fb3.cubin,results/20260919T082444Z_NVIDIA_GeForce_RTX_5090/sass/sparse_f8f6f4_sp_ordered_metadata_e5m2xe5m2_acc-f16_aa758dff0fb3.sass.txt,results/20260919T082444Z_NVIDIA_GeForce_RTX_5090/sass/sparse_f8f6f4_sp_ordered_metadata_e5m2xe5m2_acc-f16_aa758dff0fb3.sass.json,
PASS,DOCUMENTED,sparse/f8f6f4/sp::ordered_metadata/e5m2xe5m2/acc-f32,1,0,f32,16,8,64,11.24572754,11.2488575,1014.474772,1014.192497,507.2373859,46,SASS_OK,QMMA.SP,32,32,32,mma.sync.aligned.kind::f8f6f4.sp::ordered_metadata.m16n8k64.row.col.f32.e5m2.e5m2.f32,results/20260919T082444Z_NVIDIA_GeForce_RTX_5090/ptx/sparse_f8f6f4_sp_ordered_metadata_e5m2xe5m2_acc-f32_1fa14b972389.ptx,results/20260919T082444Z_NVIDIA_GeForce_RTX_5090/cubin/sparse_f8f6f4_sp_ordered_metadata_e5m2xe5m2_acc-f32_1fa14b972389.cubin,results/20260919T082444Z_NVIDIA_GeForce_RTX_5090/sass/sparse_f8f6f4_sp_ordered_metadata_e5m2xe5m2_acc-f32_1fa14b972389.sass.txt,results/20260919T082444Z_NVIDIA_GeForce_RTX_5090/sass/sparse_f8f6f4_sp_ordered_metadata_e5m2xe5m2_acc-f32_1fa14b972389.sass.json,
PASS,DOCUMENTED,sparse/f8f6f4/sp::ordered_metadata/e5m2xe3m2/acc-f16,1,0,f16,16,8,64,5.701856136,5.707475185,2000.840885,1998.871044,1000.420443,28,SASS_OK,QMMA.SP,32,32,32,mma.sync.aligned.kind::f8f6f4.sp::ordered_metadata.m16n8k64.row.col.f16.e5m2.e3m2.f16,results/20260919T082444Z_NVIDIA_GeForce_RTX_5090/ptx/sparse_f8f6f4_sp_ordered_metadata_e5m2xe3m2_acc-f16_2ac1b8a916fb.ptx,results/20260919T082444Z_NVIDIA_GeForce_RTX_5090/cubin/sparse_f8f6f4_sp_ordered_metadata_e5m2xe3m2_acc-f16_2ac1b8a916fb.cubin,results/20260919T082444Z_NVIDIA_GeForce_RTX_5090/sass/sparse_f8f6f4_sp_ordered_metadata_e5m2xe3m2_acc-f16_2ac1b8a916fb.sass.txt,results/20260919T082444Z_NVIDIA_GeForce_RTX_5090/sass/sparse_f8f6f4_sp_ordered_metadata_e5m2xe3m2_acc-f16_2ac1b8a916fb.sass.json,
PASS,DOCUMENTED,sparse/f8f6f4/sp::ordered_metadata/e5m2xe3m2/acc-f32,1,0,f32,16,8,64,11.23935986,11.24681664,1015.049525,1014.376534,507.5247624,46,SASS_OK,QMMA.SP,32,32,32,mma.sync.aligned.kind::f8f6f4.sp::ordered_metadata.m16n8k64.row.col.f32.e5m2.e3m2.f32,results/20260919T082444Z_NVIDIA_GeForce_RTX_5090/ptx/sparse_f8f6f4_sp_ordered_metadata_e5m2xe3m2_acc-f32_889af13e7939.ptx,results/20260919T082444Z_NVIDIA_GeForce_RTX_5090/cubin/sparse_f8f6f4_sp_ordered_metadata_e5m2xe3m2_acc-f32_889af13e7939.cubin,results/20260919T082444Z_NVIDIA_GeForce_RTX_5090/sass/sparse_f8f6f4_sp_ordered_metadata_e5m2xe3m2_acc-f32_889af13e7939.sass.txt,results/20260919T082444Z_NVIDIA_GeForce_RTX_5090/sass/sparse_f8f6f4_sp_ordered_metadata_e5m2xe3m2_acc-f32_889af13e7939.sass.json,
PASS,DOCUMENTED,sparse/f8f6f4/sp::ordered_metadata/e5m2xe2m3/acc-f16,1,0,f16,16,8,64,5.702464104,5.708819389,2000.627566,1998.400388,1000.313783,28,SASS_OK,QMMA.SP,32,32,32,mma.sync.aligned.kind::f8f6f4.sp::ordered_metadata.m16n8k64.row.col.f16.e5m2.e2m3.f16,results/20260919T082444Z_NVIDIA_GeForce_RTX_5090/ptx/sparse_f8f6f4_sp_ordered_metadata_e5m2xe2m3_acc-f16_688b43ad3a13.ptx,results/20260919T082444Z_NVIDIA_GeForce_RTX_5090/cubin/sparse_f8f6f4_sp_ordered_metadata_e5m2xe2m3_acc-f16_688b43ad3a13.cubin,results/20260919T082444Z_NVIDIA_GeForce_RTX_5090/sass/sparse_f8f6f4_sp_ordered_metadata_e5m2xe2m3_acc-f16_688b43ad3a13.sass.txt,results/20260919T082444Z_NVIDIA_GeForce_RTX_5090/sass/sparse_f8f6f4_sp_ordered_metadata_e5m2xe2m3_acc-f16_688b43ad3a13.sass.json,
PASS,DOCUMENTED,sparse/f8f6f4/sp::ordered_metadata/e5m2xe2m3/acc-f32,1,0,f32,16,8,64,11.24176025,11.24437714,1014.832786,1014.596606,507.4163931,46,SASS_OK,QMMA.SP,32,32,32,mma.sync.aligned.kind::f8f6f4.sp::ordered_metadata.m16n8k64.row.col.f32.e5m2.e2m3.f32,results/20260919T082444Z_NVIDIA_GeForce_RTX_5090/ptx/sparse_f8f6f4_sp_ordered_metadata_e5m2xe2m3_acc-f32_e3d62abc58b1.ptx,results/20260919T082444Z_NVIDIA_GeForce_RTX_5090/cubin/sparse_f8f6f4_sp_ordered_metadata_e5m2xe2m3_acc-f32_e3d62abc58b1.cubin,results/20260919T082444Z_NVIDIA_GeForce_RTX_5090/sass/sparse_f8f6f4_sp_ordered_metadata_e5m2xe2m3_acc-f32_e3d62abc58b1.sass.txt,results/20260919T082444Z_NVIDIA_GeForce_RTX_5090/sass/sparse_f8f6f4_sp_ordered_metadata_e5m2xe2m3_acc-f32_e3d62abc58b1.sass.json,
PASS,DOCUMENTED,sparse/f8f6f4/sp::ordered_metadata/e5m2xe2m1/acc-f16,1,0,f16,16,8,64,5.703968048,5.708396912,2000.100068,1998.548289,1000.050034,28,SASS_OK,QMMA.SP,32,32,32,mma.sync.aligned.kind::f8f6f4.sp::ordered_metadata.m16n8k64.row.col.f16.e5m2.e2m1.f16,results/20260919T082444Z_NVIDIA_GeForce_RTX_5090/ptx/sparse_f8f6f4_sp_ordered_metadata_e5m2xe2m1_acc-f16_34565ee4c4cb.ptx,results/20260919T082444Z_NVIDIA_GeForce_RTX_5090/cubin/sparse_f8f6f4_sp_ordered_metadata_e5m2xe2m1_acc-f16_34565ee4c4cb.cubin,results/20260919T082444Z_NVIDIA_GeForce_RTX_5090/sass/sparse_f8f6f4_sp_ordered_metadata_e5m2xe2m1_acc-f16_34565ee4c4cb.sass.txt,results/20260919T082444Z_NVIDIA_GeForce_RTX_5090/sass/sparse_f8f6f4_sp_ordered_metadata_e5m2xe2m1_acc-f16_34565ee4c4cb.sass.json,
PASS,DOCUMENTED,sparse/f8f6f4/sp::ordered_metadata/e5m2xe2m1/acc-f32,1,0,f32,16,8,64,11.23849583,11.24584389,1015.127563,1014.464276,507.5637815,46,SASS_OK,QMMA.SP,32,32,32,mma.sync.aligned.kind::f8f6f4.sp::ordered_metadata.m16n8k64.row.col.f32.e5m2.e2m1.f32,results/20260919T082444Z_NVIDIA_GeForce_RTX_5090/ptx/sparse_f8f6f4_sp_ordered_metadata_e5m2xe2m1_acc-f32_92d79279df79.ptx,results/20260919T082444Z_NVIDIA_GeForce_RTX_5090/cubin/sparse_f8f6f4_sp_ordered_metadata_e5m2xe2m1_acc-f32_92d79279df79.cubin,results/20260919T082444Z_NVIDIA_GeForce_RTX_5090/sass/sparse_f8f6f4_sp_ordered_metadata_e5m2xe2m1_acc-f32_92d79279df79.sass.txt,results/20260919T082444Z_NVIDIA_GeForce_RTX_5090/sass/sparse_f8f6f4_sp_ordered_metadata_e5m2xe2m1_acc-f32_92d79279df79.sass.json,
PASS,DOCUMENTED,sparse/f8f6f4/sp::ordered_metadata/e3m2xe4m3/acc-f16,1,0,f16,16,8,64,5.703711987,5.709248543,2000.18986,1998.250172,1000.09493,28,SASS_OK,QMMA.SP,32,32,32,mma.sync.aligned.kind::f8f6f4.sp::ordered_metadata.m16n8k64.row.col.f16.e3m2.e4m3.f16,results/20260919T082444Z_NVIDIA_GeForce_RTX_5090/ptx/sparse_f8f6f4_sp_ordered_metadata_e3m2xe4m3_acc-f16_e12c6f91d6cb.ptx,results/20260919T082444Z_NVIDIA_GeForce_RTX_5090/cubin/sparse_f8f6f4_sp_ordered_metadata_e3m2xe4m3_acc-f16_e12c6f91d6cb.cubin,results/20260919T082444Z_NVIDIA_GeForce_RTX_5090/sass/sparse_f8f6f4_sp_ordered_metadata_e3m2xe4m3_acc-f16_e12c6f91d6cb.sass.txt,results/20260919T082444Z_NVIDIA_GeForce_RTX_5090/sass/sparse_f8f6f4_sp_ordered_metadata_e3m2xe4m3_acc-f16_e12c6f91d6cb.sass.json,
PASS,DOCUMENTED,sparse/f8f6f4/sp::ordered_metadata/e3m2xe4m3/acc-f32,1,0,f32,16,8,64,11.24140835,11.24645805,1014.864555,1014.408877,507.4322775,46,SASS_OK,QMMA.SP,32,32,32,mma.sync.aligned.kind::f8f6f4.sp::ordered_metadata.m16n8k64.row.col.f32.e3m2.e4m3.f32,results/20260919T082444Z_NVIDIA_GeForce_RTX_5090/ptx/sparse_f8f6f4_sp_ordered_metadata_e3m2xe4m3_acc-f32_5821b675eab9.ptx,results/20260919T082444Z_NVIDIA_GeForce_RTX_5090/cubin/sparse_f8f6f4_sp_ordered_metadata_e3m2xe4m3_acc-f32_5821b675eab9.cubin,results/20260919T082444Z_NVIDIA_GeForce_RTX_5090/sass/sparse_f8f6f4_sp_ordered_metadata_e3m2xe4m3_acc-f32_5821b675eab9.sass.txt,results/20260919T082444Z_NVIDIA_GeForce_RTX_5090/sass/sparse_f8f6f4_sp_ordered_metadata_e3m2xe4m3_acc-f32_5821b675eab9.sass.json,
PASS,DOCUMENTED,sparse/f8f6f4/sp::ordered_metadata/e3m2xe5m2/acc-f16,1,0,f16,16,8,64,5.702847958,5.706412315,2000.492905,1999.243351,1000.246453,28,SASS_OK,QMMA.SP,32,32,32,mma.sync.aligned.kind::f8f6f4.sp::ordered_metadata.m16n8k64.row.col.f16.e3m2.e5m2.f16,results/20260919T082444Z_NVIDIA_GeForce_RTX_5090/ptx/sparse_f8f6f4_sp_ordered_metadata_e3m2xe5m2_acc-f16_5992f8cf4ba3.ptx,results/20260919T082444Z_NVIDIA_GeForce_RTX_5090/cubin/sparse_f8f6f4_sp_ordered_metadata_e3m2xe5m2_acc-f16_5992f8cf4ba3.cubin,results/20260919T082444Z_NVIDIA_GeForce_RTX_5090/sass/sparse_f8f6f4_sp_ordered_metadata_e3m2xe5m2_acc-f16_5992f8cf4ba3.sass.txt,results/20260919T082444Z_NVIDIA_GeForce_RTX_5090/sass/sparse_f8f6f4_sp_ordered_metadata_e3m2xe5m2_acc-f16_5992f8cf4ba3.sass.json,
PASS,DOCUMENTED,sparse/f8f6f4/sp::ordered_metadata/e3m2xe5m2/acc-f32,1,0,f32,16,8,64,11.23948765,11.24302769,1015.037984,1014.718383,507.5189918,46,SASS_OK,QMMA.SP,32,32,32,mma.sync.aligned.kind::f8f6f4.sp::ordered_metadata.m16n8k64.row.col.f32.e3m2.e5m2.f32,results/20260919T082444Z_NVIDIA_GeForce_RTX_5090/ptx/sparse_f8f6f4_sp_ordered_metadata_e3m2xe5m2_acc-f32_09f7c7f8a2b1.ptx,results/20260919T082444Z_NVIDIA_GeForce_RTX_5090/cubin/sparse_f8f6f4_sp_ordered_metadata_e3m2xe5m2_acc-f32_09f7c7f8a2b1.cubin,results/20260919T082444Z_NVIDIA_GeForce_RTX_5090/sass/sparse_f8f6f4_sp_ordered_metadata_e3m2xe5m2_acc-f32_09f7c7f8a2b1.sass.txt,results/20260919T082444Z_NVIDIA_GeForce_RTX_5090/sass/sparse_f8f6f4_sp_ordered_metadata_e3m2xe5m2_acc-f32_09f7c7f8a2b1.sass.json,
PASS,DOCUMENTED,sparse/f8f6f4/sp::ordered_metadata/e3m2xe3m2/acc-f16,1,0,f16,16,8,64,11.23510361,11.23790073,1015.434061,1015.181318,507.7170304,28,SASS_OK,QMMA.SP,32,32,32,mma.sync.aligned.kind::f8f6f4.sp::ordered_metadata.m16n8k64.row.col.f16.e3m2.e3m2.f16,results/20260919T082444Z_NVIDIA_GeForce_RTX_5090/ptx/sparse_f8f6f4_sp_ordered_metadata_e3m2xe3m2_acc-f16_21e257bfc7fb.ptx,results/20260919T082444Z_NVIDIA_GeForce_RTX_5090/cubin/sparse_f8f6f4_sp_ordered_metadata_e3m2xe3m2_acc-f16_21e257bfc7fb.cubin,results/20260919T082444Z_NVIDIA_GeForce_RTX_5090/sass/sparse_f8f6f4_sp_ordered_metadata_e3m2xe3m2_acc-f16_21e257bfc7fb.sass.txt,results/20260919T082444Z_NVIDIA_GeForce_RTX_5090/sass/sparse_f8f6f4_sp_ordered_metadata_e3m2xe3m2_acc-f16_21e257bfc7fb.sass.json,
PASS,DOCUMENTED,sparse/f8f6f4/sp::ordered_metadata/e3m2xe3m2/acc-f32,1,0,f32,16,8,64,11.2403841,11.24462128,1014.957031,1014.574577,507.4785157,46,SASS_OK,QMMA.SP,32,32,32,mma.sync.aligned.kind::f8f6f4.sp::ordered_metadata.m16n8k64.row.col.f32.e3m2.e3m2.f32,results/20260919T082444Z_NVIDIA_GeForce_RTX_5090/ptx/sparse_f8f6f4_sp_ordered_metadata_e3m2xe3m2_acc-f32_84b05942ea21.ptx,results/20260919T082444Z_NVIDIA_GeForce_RTX_5090/cubin/sparse_f8f6f4_sp_ordered_metadata_e3m2xe3m2_acc-f32_84b05942ea21.cubin,results/20260919T082444Z_NVIDIA_GeForce_RTX_5090/sass/sparse_f8f6f4_sp_ordered_metadata_e3m2xe3m2_acc-f32_84b05942ea21.sass.txt,results/20260919T082444Z_NVIDIA_GeForce_RTX_5090/sass/sparse_f8f6f4_sp_ordered_metadata_e3m2xe3m2_acc-f32_84b05942ea21.sass.json,
PASS,DOCUMENTED,sparse/f8f6f4/sp::ordered_metadata/e3m2xe2m3/acc-f16,1,0,f16,16,8,64,11.23126411,11.23530865,1015.781195,1015.41553,507.8905973,28,SASS_OK,QMMA.SP,32,32,32,mma.sync.aligned.kind::f8f6f4.sp::ordered_metadata.m16n8k64.row.col.f16.e3m2.e2m3.f16,results/20260919T082444Z_NVIDIA_GeForce_RTX_5090/ptx/sparse_f8f6f4_sp_ordered_metadata_e3m2xe2m3_acc-f16_0211d9458ee3.ptx,results/20260919T082444Z_NVIDIA_GeForce_RTX_5090/cubin/sparse_f8f6f4_sp_ordered_metadata_e3m2xe2m3_acc-f16_0211d9458ee3.cubin,results/20260919T082444Z_NVIDIA_GeForce_RTX_5090/sass/sparse_f8f6f4_sp_ordered_metadata_e3m2xe2m3_acc-f16_0211d9458ee3.sass.txt,results/20260919T082444Z_NVIDIA_GeForce_RTX_5090/sass/sparse_f8f6f4_sp_ordered_metadata_e3m2xe2m3_acc-f16_0211d9458ee3.sass.json,
PASS,DOCUMENTED,sparse/f8f6f4/sp::ordered_metadata/e3m2xe2m3/acc-f32,1,0,f32,16,8,64,11.2403841,11.24660492,1014.957031,1014.39563,507.4785157,46,SASS_OK,QMMA.SP,32,32,32,mma.sync.aligned.kind::f8f6f4.sp::ordered_metadata.m16n8k64.row.col.f32.e3m2.e2m3.f32,results/20260919T082444Z_NVIDIA_GeForce_RTX_5090/ptx/sparse_f8f6f4_sp_ordered_metadata_e3m2xe2m3_acc-f32_3b813a265b09.ptx,results/20260919T082444Z_NVIDIA_GeForce_RTX_5090/cubin/sparse_f8f6f4_sp_ordered_metadata_e3m2xe2m3_acc-f32_3b813a265b09.cubin,results/20260919T082444Z_NVIDIA_GeForce_RTX_5090/sass/sparse_f8f6f4_sp_ordered_metadata_e3m2xe2m3_acc-f32_3b813a265b09.sass.txt,results/20260919T082444Z_NVIDIA_GeForce_RTX_5090/sass/sparse_f8f6f4_sp_ordered_metadata_e3m2xe2m3_acc-f32_3b813a265b09.sass.json,
PASS,DOCUMENTED,sparse/f8f6f4/sp::ordered_metadata/e3m2xe2m1/acc-f16,1,0,f16,16,8,64,11.23174381,11.24234962,1015.737812,1014.779584,507.8689058,28,SASS_OK,QMMA.SP,32,32,32,mma.sync.aligned.kind::f8f6f4.sp::ordered_metadata.m16n8k64.row.col.f16.e3m2.e2m1.f16,results/20260919T082444Z_NVIDIA_GeForce_RTX_5090/ptx/sparse_f8f6f4_sp_ordered_metadata_e3m2xe2m1_acc-f16_a7be4d9e8eab.ptx,results/20260919T082444Z_NVIDIA_GeForce_RTX_5090/cubin/sparse_f8f6f4_sp_ordered_metadata_e3m2xe2m1_acc-f16_a7be4d9e8eab.cubin,results/20260919T082444Z_NVIDIA_GeForce_RTX_5090/sass/sparse_f8f6f4_sp_ordered_metadata_e3m2xe2m1_acc-f16_a7be4d9e8eab.sass.txt,results/20260919T082444Z_NVIDIA_GeForce_RTX_5090/sass/sparse_f8f6f4_sp_ordered_metadata_e3m2xe2m1_acc-f16_a7be4d9e8eab.sass.json,
PASS,DOCUMENTED,sparse/f8f6f4/sp::ordered_metadata/e3m2xe2m1/acc-f32,1,0,f32,16,8,64,11.18953609,11.21078396,1019.569246,1017.636851,509.784623,46,SASS_OK,QMMA.SP,32,32,32,mma.sync.aligned.kind::f8f6f4.sp::ordered_metadata.m16n8k64.row.col.f32.e3m2.e2m1.f32,results/20260919T082444Z_NVIDIA_GeForce_RTX_5090/ptx/sparse_f8f6f4_sp_ordered_metadata_e3m2xe2m1_acc-f32_03e7dcd6ced1.ptx,results/20260919T082444Z_NVIDIA_GeForce_RTX_5090/cubin/sparse_f8f6f4_sp_ordered_metadata_e3m2xe2m1_acc-f32_03e7dcd6ced1.cubin,results/20260919T082444Z_NVIDIA_GeForce_RTX_5090/sass/sparse_f8f6f4_sp_ordered_metadata_e3m2xe2m1_acc-f32_03e7dcd6ced1.sass.txt,results/20260919T082444Z_NVIDIA_GeForce_RTX_5090/sass/sparse_f8f6f4_sp_ordered_metadata_e3m2xe2m1_acc-f32_03e7dcd6ced1.sass.json,
PASS,DOCUMENTED,sparse/f8f6f4/sp::ordered_metadata/e2m3xe4m3/acc-f16,1,0,f16,16,8,64,5.700319767,5.706213951,2001.380159,1999.31285,1000.690079,28,SASS_OK,QMMA.SP,32,32,32,mma.sync.aligned.kind::f8f6f4.sp::ordered_metadata.m16n8k64.row.col.f16.e2m3.e4m3.f16,results/20260919T082444Z_NVIDIA_GeForce_RTX_5090/ptx/sparse_f8f6f4_sp_ordered_metadata_e2m3xe4m3_acc-f16_91fa31f0fe93.ptx,results/20260919T082444Z_NVIDIA_GeForce_RTX_5090/cubin/sparse_f8f6f4_sp_ordered_metadata_e2m3xe4m3_acc-f16_91fa31f0fe93.cubin,results/20260919T082444Z_NVIDIA_GeForce_RTX_5090/sass/sparse_f8f6f4_sp_ordered_metadata_e2m3xe4m3_acc-f16_91fa31f0fe93.sass.txt,results/20260919T082444Z_NVIDIA_GeForce_RTX_5090/sass/sparse_f8f6f4_sp_ordered_metadata_e2m3xe4m3_acc-f16_91fa31f0fe93.sass.json,
PASS,DOCUMENTED,sparse/f8f6f4/sp::ordered_metadata/e2m3xe4m3/acc-f32,1,0,f32,16,8,64,11.24143982,11.24755764,1014.861714,1014.309706,507.4308569,46,SASS_OK,QMMA.SP,32,32,32,mma.sync.aligned.kind::f8f6f4.sp::ordered_metadata.m16n8k64.row.col.f32.e2m3.e4m3.f32,results/20260919T082444Z_NVIDIA_GeForce_RTX_5090/ptx/sparse_f8f6f4_sp_ordered_metadata_e2m3xe4m3_acc-f32_ae0dea5643c1.ptx,results/20260919T082444Z_NVIDIA_GeForce_RTX_5090/cubin/sparse_f8f6f4_sp_ordered_metadata_e2m3xe4m3_acc-f32_ae0dea5643c1.cubin,results/20260919T082444Z_NVIDIA_GeForce_RTX_5090/sass/sparse_f8f6f4_sp_ordered_metadata_e2m3xe4m3_acc-f32_ae0dea5643c1.sass.txt,results/20260919T082444Z_NVIDIA_GeForce_RTX_5090/sass/sparse_f8f6f4_sp_ordered_metadata_e2m3xe4m3_acc-f32_ae0dea5643c1.sass.json,
PASS,DOCUMENTED,sparse/f8f6f4/sp::ordered_metadata/e2m3xe5m2/acc-f16,1,0,f16,16,8,64,5.70150423,5.70634222,2000.96438,1999.267909,1000.48219,28,SASS_OK,QMMA.SP,32,32,32,mma.sync.aligned.kind::f8f6f4.sp::ordered_metadata.m16n8k64.row.col.f16.e2m3.e5m2.f16,results/20260919T082444Z_NVIDIA_GeForce_RTX_5090/ptx/sparse_f8f6f4_sp_ordered_metadata_e2m3xe5m2_acc-f16_87858753c2db.ptx,results/20260919T082444Z_NVIDIA_GeForce_RTX_5090/cubin/sparse_f8f6f4_sp_ordered_metadata_e2m3xe5m2_acc-f16_87858753c2db.cubin,results/20260919T082444Z_NVIDIA_GeForce_RTX_5090/sass/sparse_f8f6f4_sp_ordered_metadata_e2m3xe5m2_acc-f16_87858753c2db.sass.txt,results/20260919T082444Z_NVIDIA_GeForce_RTX_5090/sass/sparse_f8f6f4_sp_ordered_metadata_e2m3xe5m2_acc-f16_87858753c2db.sass.json,
PASS,DOCUMENTED,sparse/f8f6f4/sp::ordered_metadata/e2m3xe5m2/acc-f32,1,0,f32,16,8,64,11.24035168,11.2456646,1014.959959,1014.48045,507.4799796,46,SASS_OK,QMMA.SP,32,32,32,mma.sync.aligned.kind::f8f6f4.sp::ordered_metadata.m16n8k64.row.col.f32.e2m3.e5m2.f32,results/20260919T082444Z_NVIDIA_GeForce_RTX_5090/ptx/sparse_f8f6f4_sp_ordered_metadata_e2m3xe5m2_acc-f32_0c6b7e08fce9.ptx,results/20260919T082444Z_NVIDIA_GeForce_RTX_5090/cubin/sparse_f8f6f4_sp_ordered_metadata_e2m3xe5m2_acc-f32_0c6b7e08fce9.cubin,results/20260919T082444Z_NVIDIA_GeForce_RTX_5090/sass/sparse_f8f6f4_sp_ordered_metadata_e2m3xe5m2_acc-f32_0c6b7e08fce9.sass.txt,results/20260919T082444Z_NVIDIA_GeForce_RTX_5090/sass/sparse_f8f6f4_sp_ordered_metadata_e2m3xe5m2_acc-f32_0c6b7e08fce9.sass.json,
PASS,DOCUMENTED,sparse/f8f6f4/sp::ordered_metadata/e2m3xe3m2/acc-f16,1,0,f16,16,8,64,11.23388767,11.23929024,1015.54397,1015.055812,507.7719848,28,SASS_OK,QMMA.SP,32,32,32,mma.sync.aligned.kind::f8f6f4.sp::ordered_metadata.m16n8k64.row.col.f16.e2m3.e3m2.f16,results/20260919T082444Z_NVIDIA_GeForce_RTX_5090/ptx/sparse_f8f6f4_sp_ordered_metadata_e2m3xe3m2_acc-f16_05a62c1f3a53.ptx,results/20260919T082444Z_NVIDIA_GeForce_RTX_5090/cubin/sparse_f8f6f4_sp_ordered_metadata_e2m3xe3m2_acc-f16_05a62c1f3a53.cubin,results/20260919T082444Z_NVIDIA_GeForce_RTX_5090/sass/sparse_f8f6f4_sp_ordered_metadata_e2m3xe3m2_acc-f16_05a62c1f3a53.sass.txt,results/20260919T082444Z_NVIDIA_GeForce_RTX_5090/sass/sparse_f8f6f4_sp_ordered_metadata_e2m3xe3m2_acc-f16_05a62c1f3a53.sass.json,
PASS,DOCUMENTED,sparse/f8f6f4/sp::ordered_metadata/e2m3xe3m2/acc-f32,1,0,f32,16,8,64,11.2376318,11.24167728,1015.205613,1014.840276,507.6028066,46,SASS_OK,QMMA.SP,32,32,32,mma.sync.aligned.kind::f8f6f4.sp::ordered_metadata.m16n8k64.row.col.f32.e2m3.e3m2.f32,results/20260919T082444Z_NVIDIA_GeForce_RTX_5090/ptx/sparse_f8f6f4_sp_ordered_metadata_e2m3xe3m2_acc-f32_8bbcf7620ee9.ptx,results/20260919T082444Z_NVIDIA_GeForce_RTX_5090/cubin/sparse_f8f6f4_sp_ordered_metadata_e2m3xe3m2_acc-f32_8bbcf7620ee9.cubin,results/20260919T082444Z_NVIDIA_GeForce_RTX_5090/sass/sparse_f8f6f4_sp_ordered_metadata_e2m3xe3m2_acc-f32_8bbcf7620ee9.sass.txt,results/20260919T082444Z_NVIDIA_GeForce_RTX_5090/sass/sparse_f8f6f4_sp_ordered_metadata_e2m3xe3m2_acc-f32_8bbcf7620ee9.sass.json,
PASS,DOCUMENTED,sparse/f8f6f4/sp::ordered_metadata/e2m3xe2m3/acc-f16,1,0,f16,16,8,64,11.2311039,11.23839378,1015.795685,1015.13678,507.8978427,28,SASS_OK,QMMA.SP,32,32,32,mma.sync.aligned.kind::f8f6f4.sp::ordered_metadata.m16n8k64.row.col.f16.e2m3.e2m3.f16,results/20260919T082444Z_NVIDIA_GeForce_RTX_5090/ptx/sparse_f8f6f4_sp_ordered_metadata_e2m3xe2m3_acc-f16_c94fa1bf16eb.ptx,results/20260919T082444Z_NVIDIA_GeForce_RTX_5090/cubin/sparse_f8f6f4_sp_ordered_metadata_e2m3xe2m3_acc-f16_c94fa1bf16eb.cubin,results/20260919T082444Z_NVIDIA_GeForce_RTX_5090/sass/sparse_f8f6f4_sp_ordered_metadata_e2m3xe2m3_acc-f16_c94fa1bf16eb.sass.txt,results/20260919T082444Z_NVIDIA_GeForce_RTX_5090/sass/sparse_f8f6f4_sp_ordered_metadata_e2m3xe2m3_acc-f16_c94fa1bf16eb.sass.json,
PASS,DOCUMENTED,sparse/f8f6f4/sp::ordered_metadata/e2m3xe2m3/acc-f32,1,0,f32,16,8,64,11.2380476,11.24202919,1015.168051,1014.808509,507.5840255,46,SASS_OK,QMMA.SP,32,32,32,mma.sync.aligned.kind::f8f6f4.sp::ordered_metadata.m16n8k64.row.col.f32.e2m3.e2m3.f32,results/20260919T082444Z_NVIDIA_GeForce_RTX_5090/ptx/sparse_f8f6f4_sp_ordered_metadata_e2m3xe2m3_acc-f32_1503508c4a81.ptx,results/20260919T082444Z_NVIDIA_GeForce_RTX_5090/cubin/sparse_f8f6f4_sp_ordered_metadata_e2m3xe2m3_acc-f32_1503508c4a81.cubin,results/20260919T082444Z_NVIDIA_GeForce_RTX_5090/sass/sparse_f8f6f4_sp_ordered_metadata_e2m3xe2m3_acc-f32_1503508c4a81.sass.txt,results/20260919T082444Z_NVIDIA_GeForce_RTX_5090/sass/sparse_f8f6f4_sp_ordered_metadata_e2m3xe2m3_acc-f32_1503508c4a81.sass.json,
PASS,DOCUMENTED,sparse/f8f6f4/sp::ordered_metadata/e2m3xe2m1/acc-f16,1,0,f16,16,8,64,11.23616028,11.24170876,1015.338567,1014.837435,507.6692837,28,SASS_OK,QMMA.SP,32,32,32,mma.sync.aligned.kind::f8f6f4.sp::ordered_metadata.m16n8k64.row.col.f16.e2m3.e2m1.f16,results/20260919T082444Z_NVIDIA_GeForce_RTX_5090/ptx/sparse_f8f6f4_sp_ordered_metadata_e2m3xe2m1_acc-f16_36819a2ad47b.ptx,results/20260919T082444Z_NVIDIA_GeForce_RTX_5090/cubin/sparse_f8f6f4_sp_ordered_metadata_e2m3xe2m1_acc-f16_36819a2ad47b.cubin,results/20260919T082444Z_NVIDIA_GeForce_RTX_5090/sass/sparse_f8f6f4_sp_ordered_metadata_e2m3xe2m1_acc-f16_36819a2ad47b.sass.txt,results/20260919T082444Z_NVIDIA_GeForce_RTX_5090/sass/sparse_f8f6f4_sp_ordered_metadata_e2m3xe2m1_acc-f16_36819a2ad47b.sass.json,
PASS,DOCUMENTED,sparse/f8f6f4/sp::ordered_metadata/e2m3xe2m1/acc-f32,1,0,f32,16,8,64,11.23942375,11.24385834,1015.043754,1014.64342,507.5218771,46,SASS_OK,QMMA.SP,32,32,32,mma.sync.aligned.kind::f8f6f4.sp::ordered_metadata.m16n8k64.row.col.f32.e2m3.e2m1.f32,results/20260919T082444Z_NVIDIA_GeForce_RTX_5090/ptx/sparse_f8f6f4_sp_ordered_metadata_e2m3xe2m1_acc-f32_a57dcb840841.ptx,results/20260919T082444Z_NVIDIA_GeForce_RTX_5090/cubin/sparse_f8f6f4_sp_ordered_metadata_e2m3xe2m1_acc-f32_a57dcb840841.cubin,results/20260919T082444Z_NVIDIA_GeForce_RTX_5090/sass/sparse_f8f6f4_sp_ordered_metadata_e2m3xe2m1_acc-f32_a57dcb840841.sass.txt,results/20260919T082444Z_NVIDIA_GeForce_RTX_5090/sass/sparse_f8f6f4_sp_ordered_metadata_e2m3xe2m1_acc-f32_a57dcb840841.sass.json,
PASS,DOCUMENTED,sparse/f8f6f4/sp::ordered_metadata/e2m1xe4m3/acc-f16,1,0,f16,16,8,64,5.701280117,5.706739426,2001.043037,1999.128754,1000.521518,28,SASS_OK,QMMA.SP,32,32,32,mma.sync.aligned.kind::f8f6f4.sp::ordered_metadata.m16n8k64.row.col.f16.e2m1.e4m3.f16,results/20260919T082444Z_NVIDIA_GeForce_RTX_5090/ptx/sparse_f8f6f4_sp_ordered_metadata_e2m1xe4m3_acc-f16_589e3e55ad03.ptx,results/20260919T082444Z_NVIDIA_GeForce_RTX_5090/cubin/sparse_f8f6f4_sp_ordered_metadata_e2m1xe4m3_acc-f16_589e3e55ad03.cubin,results/20260919T082444Z_NVIDIA_GeForce_RTX_5090/sass/sparse_f8f6f4_sp_ordered_metadata_e2m1xe4m3_acc-f16_589e3e55ad03.sass.txt,results/20260919T082444Z_NVIDIA_GeForce_RTX_5090/sass/sparse_f8f6f4_sp_ordered_metadata_e2m1xe4m3_acc-f16_589e3e55ad03.sass.json,
PASS,DOCUMENTED,sparse/f8f6f4/sp::ordered_metadata/e2m1xe4m3/acc-f32,1,0,f32,16,8,64,11.23808002,11.2422142,1015.165122,1014.791808,507.582561,46,SASS_OK,QMMA.SP,32,32,32,mma.sync.aligned.kind::f8f6f4.sp::ordered_metadata.m16n8k64.row.col.f32.e2m1.e4m3.f32,results/20260919T082444Z_NVIDIA_GeForce_RTX_5090/ptx/sparse_f8f6f4_sp_ordered_metadata_e2m1xe4m3_acc-f32_2a687bb72101.ptx,results/20260919T082444Z_NVIDIA_GeForce_RTX_5090/cubin/sparse_f8f6f4_sp_ordered_metadata_e2m1xe4m3_acc-f32_2a687bb72101.cubin,results/20260919T082444Z_NVIDIA_GeForce_RTX_5090/sass/sparse_f8f6f4_sp_ordered_metadata_e2m1xe4m3_acc-f32_2a687bb72101.sass.txt,results/20260919T082444Z_NVIDIA_GeForce_RTX_5090/sass/sparse_f8f6f4_sp_ordered_metadata_e2m1xe4m3_acc-f32_2a687bb72101.sass.json,
PASS,DOCUMENTED,sparse/f8f6f4/sp::ordered_metadata/e2m1xe5m2/acc-f16,1,0,f16,16,8,64,5.701471806,5.707340717,2000.97576,1998.918138,1000.48788,28,SASS_OK,QMMA.SP,32,32,32,mma.sync.aligned.kind::f8f6f4.sp::ordered_metadata.m16n8k64.row.col.f16.e2m1.e5m2.f16,results/20260919T082444Z_NVIDIA_GeForce_RTX_5090/ptx/sparse_f8f6f4_sp_ordered_metadata_e2m1xe5m2_acc-f16_6edc17517333.ptx,results/20260919T082444Z_NVIDIA_GeForce_RTX_5090/cubin/sparse_f8f6f4_sp_ordered_metadata_e2m1xe5m2_acc-f16_6edc17517333.cubin,results/20260919T082444Z_NVIDIA_GeForce_RTX_5090/sass/sparse_f8f6f4_sp_ordered_metadata_e2m1xe5m2_acc-f16_6edc17517333.sass.txt,results/20260919T082444Z_NVIDIA_GeForce_RTX_5090/sass/sparse_f8f6f4_sp_ordered_metadata_e2m1xe5m2_acc-f16_6edc17517333.sass.json,
PASS,DOCUMENTED,sparse/f8f6f4/sp::ordered_metadata/e2m1xe5m2/acc-f32,1,0,f32,16,8,64,11.23929596,11.24409676,1015.055295,1014.621906,507.5276477,46,SASS_OK,QMMA.SP,32,32,32,mma.sync.aligned.kind::f8f6f4.sp::ordered_metadata.m16n8k64.row.col.f32.e2m1.e5m2.f32,results/20260919T082444Z_NVIDIA_GeForce_RTX_5090/ptx/sparse_f8f6f4_sp_ordered_metadata_e2m1xe5m2_acc-f32_b3cabe4ce9e1.ptx,results/20260919T082444Z_NVIDIA_GeForce_RTX_5090/cubin/sparse_f8f6f4_sp_ordered_metadata_e2m1xe5m2_acc-f32_b3cabe4ce9e1.cubin,results/20260919T082444Z_NVIDIA_GeForce_RTX_5090/sass/sparse_f8f6f4_sp_ordered_metadata_e2m1xe5m2_acc-f32_b3cabe4ce9e1.sass.txt,results/20260919T082444Z_NVIDIA_GeForce_RTX_5090/sass/sparse_f8f6f4_sp_ordered_metadata_e2m1xe5m2_acc-f32_b3cabe4ce9e1.sass.json,
PASS,DOCUMENTED,sparse/f8f6f4/sp::ordered_metadata/e2m1xe3m2/acc-f16,1,0,f16,16,8,64,11.23107243,11.2395134,1015.798532,1015.035658,507.8992659,28,SASS_OK,QMMA.SP,32,32,32,mma.sync.aligned.kind::f8f6f4.sp::ordered_metadata.m16n8k64.row.col.f16.e2m1.e3m2.f16,results/20260919T082444Z_NVIDIA_GeForce_RTX_5090/ptx/sparse_f8f6f4_sp_ordered_metadata_e2m1xe3m2_acc-f16_feae49f548cb.ptx,results/20260919T082444Z_NVIDIA_GeForce_RTX_5090/cubin/sparse_f8f6f4_sp_ordered_metadata_e2m1xe3m2_acc-f16_feae49f548cb.cubin,results/20260919T082444Z_NVIDIA_GeForce_RTX_5090/sass/sparse_f8f6f4_sp_ordered_metadata_e2m1xe3m2_acc-f16_feae49f548cb.sass.txt,results/20260919T082444Z_NVIDIA_GeForce_RTX_5090/sass/sparse_f8f6f4_sp_ordered_metadata_e2m1xe3m2_acc-f16_feae49f548cb.sass.json,
PASS,DOCUMENTED,sparse/f8f6f4/sp::ordered_metadata/e2m1xe3m2/acc-f32,1,0,f32,16,8,64,11.2380476,11.24197197,1015.168051,1014.813674,507.5840255,46,SASS_OK,QMMA.SP,32,32,32,mma.sync.aligned.kind::f8f6f4.sp::ordered_metadata.m16n8k64.row.col.f32.e2m1.e3m2.f32,results/20260919T082444Z_NVIDIA_GeForce_RTX_5090/ptx/sparse_f8f6f4_sp_ordered_metadata_e2m1xe3m2_acc-f32_da7b397ed861.ptx,results/20260919T082444Z_NVIDIA_GeForce_RTX_5090/cubin/sparse_f8f6f4_sp_ordered_metadata_e2m1xe3m2_acc-f32_da7b397ed861.cubin,results/20260919T082444Z_NVIDIA_GeForce_RTX_5090/sass/sparse_f8f6f4_sp_ordered_metadata_e2m1xe3m2_acc-f32_da7b397ed861.sass.txt,results/20260919T082444Z_NVIDIA_GeForce_RTX_5090/sass/sparse_f8f6f4_sp_ordered_metadata_e2m1xe3m2_acc-f32_da7b397ed861.sass.json,
PASS,DOCUMENTED,sparse/f8f6f4/sp::ordered_metadata/e2m1xe2m3/acc-f16,1,0,f16,16,8,64,11.23609638,11.24030685,1015.344341,1014.964007,507.6721707,28,SASS_OK,QMMA.SP,32,32,32,mma.sync.aligned.kind::f8f6f4.sp::ordered_metadata.m16n8k64.row.col.f16.e2m1.e2m3.f16,results/20260919T082444Z_NVIDIA_GeForce_RTX_5090/ptx/sparse_f8f6f4_sp_ordered_metadata_e2m1xe2m3_acc-f16_c9a3cd486eeb.ptx,results/20260919T082444Z_NVIDIA_GeForce_RTX_5090/cubin/sparse_f8f6f4_sp_ordered_metadata_e2m1xe2m3_acc-f16_c9a3cd486eeb.cubin,results/20260919T082444Z_NVIDIA_GeForce_RTX_5090/sass/sparse_f8f6f4_sp_ordered_metadata_e2m1xe2m3_acc-f16_c9a3cd486eeb.sass.txt,results/20260919T082444Z_NVIDIA_GeForce_RTX_5090/sass/sparse_f8f6f4_sp_ordered_metadata_e2m1xe2m3_acc-f16_c9a3cd486eeb.sass.json,
PASS,DOCUMENTED,sparse/f8f6f4/sp::ordered_metadata/e2m1xe2m3/acc-f32,1,0,f32,16,8,64,11.23846436,11.24333382,1015.130406,1014.690755,507.5652028,46,SASS_OK,QMMA.SP,32,32,32,mma.sync.aligned.kind::f8f6f4.sp::ordered_metadata.m16n8k64.row.col.f32.e2m1.e2m3.f32,results/20260919T082444Z_NVIDIA_GeForce_RTX_5090/ptx/sparse_f8f6f4_sp_ordered_metadata_e2m1xe2m3_acc-f32_f041a4ae8651.ptx,results/20260919T082444Z_NVIDIA_GeForce_RTX_5090/cubin/sparse_f8f6f4_sp_ordered_metadata_e2m1xe2m3_acc-f32_f041a4ae8651.cubin,results/20260919T082444Z_NVIDIA_GeForce_RTX_5090/sass/sparse_f8f6f4_sp_ordered_metadata_e2m1xe2m3_acc-f32_f041a4ae8651.sass.txt,results/20260919T082444Z_NVIDIA_GeForce_RTX_5090/sass/sparse_f8f6f4_sp_ordered_metadata_e2m1xe2m3_acc-f32_f041a4ae8651.sass.json,
PASS,DOCUMENTED,sparse/f8f6f4/sp::ordered_metadata/e2m1xe2m1/acc-f16,1,0,f16,16,8,64,11.23241615,11.23735619,1015.677012,1015.230513,507.8385062,28,SASS_OK,QMMA.SP,32,32,32,mma.sync.aligned.kind::f8f6f4.sp::ordered_metadata.m16n8k64.row.col.f16.e2m1.e2m1.f16,results/20260919T082444Z_NVIDIA_GeForce_RTX_5090/ptx/sparse_f8f6f4_sp_ordered_metadata_e2m1xe2m1_acc-f16_fcd333c4e93b.ptx,results/20260919T082444Z_NVIDIA_GeForce_RTX_5090/cubin/sparse_f8f6f4_sp_ordered_metadata_e2m1xe2m1_acc-f16_fcd333c4e93b.cubin,results/20260919T082444Z_NVIDIA_GeForce_RTX_5090/sass/sparse_f8f6f4_sp_ordered_metadata_e2m1xe2m1_acc-f16_fcd333c4e93b.sass.txt,results/20260919T082444Z_NVIDIA_GeForce_RTX_5090/sass/sparse_f8f6f4_sp_ordered_metadata_e2m1xe2m1_acc-f16_fcd333c4e93b.sass.json,
PASS,DOCUMENTED,sparse/f8f6f4/sp::ordered_metadata/e2m1xe2m1/acc-f32,1,0,f32,16,8,64,11.23814392,11.24212456,1015.15935,1014.7999,507.5796751,46,SASS_OK,QMMA.SP,32,32,32,mma.sync.aligned.kind::f8f6f4.sp::ordered_metadata.m16n8k64.row.col.f32.e2m1.e2m1.f32,results/20260919T082444Z_NVIDIA_GeForce_RTX_5090/ptx/sparse_f8f6f4_sp_ordered_metadata_e2m1xe2m1_acc-f32_1faa5c5fb1b1.ptx,results/20260919T082444Z_NVIDIA_GeForce_RTX_5090/cubin/sparse_f8f6f4_sp_ordered_metadata_e2m1xe2m1_acc-f32_1faa5c5fb1b1.cubin,results/20260919T082444Z_NVIDIA_GeForce_RTX_5090/sass/sparse_f8f6f4_sp_ordered_metadata_e2m1xe2m1_acc-f32_1faa5c5fb1b1.sass.txt,results/20260919T082444Z_NVIDIA_GeForce_RTX_5090/sass/sparse_f8f6f4_sp_ordered_metadata_e2m1xe2m1_acc-f32_1faa5c5fb1b1.sass.json,
PASS,DOCUMENTED,sparse/mxf8f6f4/e4m3xe4m3/ue8m0-1X,1,1,f32,16,8,64,5.743455887,5.749779224,1986.34883,1984.164337,993.1744149,46,SASS_OK,QMMA.SF.SP,32,32,32,mma.sync.aligned.kind::mxf8f6f4.sp::ordered_metadata.block_scale.scale_vec::1X.m16n8k64.row.col.f32.e4m3.e4m3.f32.ue8m0,results/20260919T082444Z_NVIDIA_GeForce_RTX_5090/ptx/sparse_mxf8f6f4_e4m3xe4m3_ue8m0-1X_438dc3a083b5.ptx,results/20260919T082444Z_NVIDIA_GeForce_RTX_5090/cubin/sparse_mxf8f6f4_e4m3xe4m3_ue8m0-1X_438dc3a083b5.cubin,results/20260919T082444Z_NVIDIA_GeForce_RTX_5090/sass/sparse_mxf8f6f4_e4m3xe4m3_ue8m0-1X_438dc3a083b5.sass.txt,results/20260919T082444Z_NVIDIA_GeForce_RTX_5090/sass/sparse_mxf8f6f4_e4m3xe4m3_ue8m0-1X_438dc3a083b5.sass.json,
PASS,DOCUMENTED,sparse/mxf8f6f4/e4m3xe4m3/ue8m0-default-1X,1,1,f32,16,8,64,5.742400169,5.749260902,1986.714012,1984.343218,993.3570061,46,SASS_OK,QMMA.SF.SP,32,32,32,mma.sync.aligned.kind::mxf8f6f4.sp::ordered_metadata.block_scale.m16n8k64.row.col.f32.e4m3.e4m3.f32.ue8m0,results/20260919T082444Z_NVIDIA_GeForce_RTX_5090/ptx/sparse_mxf8f6f4_e4m3xe4m3_ue8m0-default-1X_86a9e3548a21.ptx,results/20260919T082444Z_NVIDIA_GeForce_RTX_5090/cubin/sparse_mxf8f6f4_e4m3xe4m3_ue8m0-default-1X_86a9e3548a21.cubin,results/20260919T082444Z_NVIDIA_GeForce_RTX_5090/sass/sparse_mxf8f6f4_e4m3xe4m3_ue8m0-default-1X_86a9e3548a21.sass.txt,results/20260919T082444Z_NVIDIA_GeForce_RTX_5090/sass/sparse_mxf8f6f4_e4m3xe4m3_ue8m0-default-1X_86a9e3548a21.sass.json,
PASS,DOCUMENTED,sparse/mxf8f6f4/e4m3xe5m2/ue8m0-1X,1,1,f32,16,8,64,5.742368221,5.751212597,1986.725065,1983.669824,993.3625327,46,SASS_OK,QMMA.SF.SP,32,32,32,mma.sync.aligned.kind::mxf8f6f4.sp::ordered_metadata.block_scale.scale_vec::1X.m16n8k64.row.col.f32.e4m3.e5m2.f32.ue8m0,results/20260919T082444Z_NVIDIA_GeForce_RTX_5090/ptx/sparse_mxf8f6f4_e4m3xe5m2_ue8m0-1X_ecebfc0c3f6d.ptx,results/20260919T082444Z_NVIDIA_GeForce_RTX_5090/cubin/sparse_mxf8f6f4_e4m3xe5m2_ue8m0-1X_ecebfc0c3f6d.cubin,results/20260919T082444Z_NVIDIA_GeForce_RTX_5090/sass/sparse_mxf8f6f4_e4m3xe5m2_ue8m0-1X_ecebfc0c3f6d.sass.txt,results/20260919T082444Z_NVIDIA_GeForce_RTX_5090/sass/sparse_mxf8f6f4_e4m3xe5m2_ue8m0-1X_ecebfc0c3f6d.sass.json,
PASS,DOCUMENTED,sparse/mxf8f6f4/e4m3xe5m2/ue8m0-default-1X,1,1,f32,16,8,64,5.743391991,5.752563477,1986.370928,1983.203997,993.1854641,46,SASS_OK,QMMA.SF.SP,32,32,32,mma.sync.aligned.kind::mxf8f6f4.sp::ordered_metadata.block_scale.m16n8k64.row.col.f32.e4m3.e5m2.f32.ue8m0,results/20260919T082444Z_NVIDIA_GeForce_RTX_5090/ptx/sparse_mxf8f6f4_e4m3xe5m2_ue8m0-default-1X_4ea61ead0df1.ptx,results/20260919T082444Z_NVIDIA_GeForce_RTX_5090/cubin/sparse_mxf8f6f4_e4m3xe5m2_ue8m0-default-1X_4ea61ead0df1.cubin,results/20260919T082444Z_NVIDIA_GeForce_RTX_5090/sass/sparse_mxf8f6f4_e4m3xe5m2_ue8m0-default-1X_4ea61ead0df1.sass.txt,results/20260919T082444Z_NVIDIA_GeForce_RTX_5090/sass/sparse_mxf8f6f4_e4m3xe5m2_ue8m0-default-1X_4ea61ead0df1.sass.json,
PASS,DOCUMENTED,sparse/mxf8f6f4/e4m3xe3m2/ue8m0-1X,1,1,f32,16,8,64,5.745535851,5.753804684,1985.629744,1982.776182,992.814872,46,SASS_OK,QMMA.SF.SP,32,32,32,mma.sync.aligned.kind::mxf8f6f4.sp::ordered_metadata.block_scale.scale_vec::1X.m16n8k64.row.col.f32.e4m3.e3m2.f32.ue8m0,results/20260919T082444Z_NVIDIA_GeForce_RTX_5090/ptx/sparse_mxf8f6f4_e4m3xe3m2_ue8m0-1X_6e14742dd431.ptx,results/20260919T082444Z_NVIDIA_GeForce_RTX_5090/cubin/sparse_mxf8f6f4_e4m3xe3m2_ue8m0-1X_6e14742dd431.cubin,results/20260919T082444Z_NVIDIA_GeForce_RTX_5090/sass/sparse_mxf8f6f4_e4m3xe3m2_ue8m0-1X_6e14742dd431.sass.txt,results/20260919T082444Z_NVIDIA_GeForce_RTX_5090/sass/sparse_mxf8f6f4_e4m3xe3m2_ue8m0-1X_6e14742dd431.sass.json,
PASS,DOCUMENTED,sparse/mxf8f6f4/e4m3xe3m2/ue8m0-default-1X,1,1,f32,16,8,64,5.745344162,5.753901005,1985.695993,1982.74299,992.8479964,46,SASS_OK,QMMA.SF.SP,32,32,32,mma.sync.aligned.kind::mxf8f6f4.sp::ordered_metadata.block_scale.m16n8k64.row.col.f32.e4m3.e3m2.f32.ue8m0,results/20260919T082444Z_NVIDIA_GeForce_RTX_5090/ptx/sparse_mxf8f6f4_e4m3xe3m2_ue8m0-default-1X_254a63af86a1.ptx,results/20260919T082444Z_NVIDIA_GeForce_RTX_5090/cubin/sparse_mxf8f6f4_e4m3xe3m2_ue8m0-default-1X_254a63af86a1.cubin,results/20260919T082444Z_NVIDIA_GeForce_RTX_5090/sass/sparse_mxf8f6f4_e4m3xe3m2_ue8m0-default-1X_254a63af86a1.sass.txt,results/20260919T082444Z_NVIDIA_GeForce_RTX_5090/sass/sparse_mxf8f6f4_e4m3xe3m2_ue8m0-default-1X_254a63af86a1.sass.json,
PASS,DOCUMENTED,sparse/mxf8f6f4/e4m3xe2m3/ue8m0-1X,1,1,f32,16,8,64,5.745503902,5.754803658,1985.640785,1982.431992,992.8203926,46,SASS_OK,QMMA.SF.SP,32,32,32,mma.sync.aligned.kind::mxf8f6f4.sp::ordered_metadata.block_scale.scale_vec::1X.m16n8k64.row.col.f32.e4m3.e2m3.f32.ue8m0,results/20260919T082444Z_NVIDIA_GeForce_RTX_5090/ptx/sparse_mxf8f6f4_e4m3xe2m3_ue8m0-1X_6af75652f819.ptx,results/20260919T082444Z_NVIDIA_GeForce_RTX_5090/cubin/sparse_mxf8f6f4_e4m3xe2m3_ue8m0-1X_6af75652f819.cubin,results/20260919T082444Z_NVIDIA_GeForce_RTX_5090/sass/sparse_mxf8f6f4_e4m3xe2m3_ue8m0-1X_6af75652f819.sass.txt,results/20260919T082444Z_NVIDIA_GeForce_RTX_5090/sass/sparse_mxf8f6f4_e4m3xe2m3_ue8m0-1X_6af75652f819.sass.json,
PASS,DOCUMENTED,sparse/mxf8f6f4/e4m3xe2m3/ue8m0-default-1X,1,1,f32,16,8,64,5.743391991,5.752269268,1986.370928,1983.305431,993.1854641,46,SASS_OK,QMMA.SF.SP,32,32,32,mma.sync.aligned.kind::mxf8f6f4.sp::ordered_metadata.block_scale.m16n8k64.row.col.f32.e4m3.e2m3.f32.ue8m0,results/20260919T082444Z_NVIDIA_GeForce_RTX_5090/ptx/sparse_mxf8f6f4_e4m3xe2m3_ue8m0-default-1X_1990af7b0ce1.ptx,results/20260919T082444Z_NVIDIA_GeForce_RTX_5090/cubin/sparse_mxf8f6f4_e4m3xe2m3_ue8m0-default-1X_1990af7b0ce1.cubin,results/20260919T082444Z_NVIDIA_GeForce_RTX_5090/sass/sparse_mxf8f6f4_e4m3xe2m3_ue8m0-default-1X_1990af7b0ce1.sass.txt,results/20260919T082444Z_NVIDIA_GeForce_RTX_5090/sass/sparse_mxf8f6f4_e4m3xe2m3_ue8m0-default-1X_1990af7b0ce1.sass.json,
PASS,DOCUMENTED,sparse/mxf8f6f4/e4m3xe2m1/ue8m0-1X,1,1,f32,16,8,64,5.748544216,5.754246712,1984.590611,1982.623869,992.2953056,46,SASS_OK,QMMA.SF.SP,32,32,32,mma.sync.aligned.kind::mxf8f6f4.sp::ordered_metadata.block_scale.scale_vec::1X.m16n8k64.row.col.f32.e4m3.e2m1.f32.ue8m0,results/20260919T082444Z_NVIDIA_GeForce_RTX_5090/ptx/sparse_mxf8f6f4_e4m3xe2m1_ue8m0-1X_dad6271bd7a5.ptx,results/20260919T082444Z_NVIDIA_GeForce_RTX_5090/cubin/sparse_mxf8f6f4_e4m3xe2m1_ue8m0-1X_dad6271bd7a5.cubin,results/20260919T082444Z_NVIDIA_GeForce_RTX_5090/sass/sparse_mxf8f6f4_e4m3xe2m1_ue8m0-1X_dad6271bd7a5.sass.txt,results/20260919T082444Z_NVIDIA_GeForce_RTX_5090/sass/sparse_mxf8f6f4_e4m3xe2m1_ue8m0-1X_dad6271bd7a5.sass.json,
PASS,DOCUMENTED,sparse/mxf8f6f4/e4m3xe2m1/ue8m0-default-1X,1,1,f32,16,8,64,5.746240139,5.753222466,1985.386375,1982.976836,992.6931875,46,SASS_OK,QMMA.SF.SP,32,32,32,mma.sync.aligned.kind::mxf8f6f4.sp::ordered_metadata.block_scale.m16n8k64.row.col.f32.e4m3.e2m1.f32.ue8m0,results/20260919T082444Z_NVIDIA_GeForce_RTX_5090/ptx/sparse_mxf8f6f4_e4m3xe2m1_ue8m0-default-1X_d1874d661389.ptx,results/20260919T082444Z_NVIDIA_GeForce_RTX_5090/cubin/sparse_mxf8f6f4_e4m3xe2m1_ue8m0-default-1X_d1874d661389.cubin,results/20260919T082444Z_NVIDIA_GeForce_RTX_5090/sass/sparse_mxf8f6f4_e4m3xe2m1_ue8m0-default-1X_d1874d661389.sass.txt,results/20260919T082444Z_NVIDIA_GeForce_RTX_5090/sass/sparse_mxf8f6f4_e4m3xe2m1_ue8m0-default-1X_d1874d661389.sass.json,
PASS,DOCUMENTED,sparse/mxf8f6f4/e5m2xe4m3/ue8m0-1X,1,1,f32,16,8,64,5.743423939,5.749817848,1986.359879,1984.151008,993.1799395,46,SASS_OK,QMMA.SF.SP,32,32,32,mma.sync.aligned.kind::mxf8f6f4.sp::ordered_metadata.block_scale.scale_vec::1X.m16n8k64.row.col.f32.e5m2.e4m3.f32.ue8m0,results/20260919T082444Z_NVIDIA_GeForce_RTX_5090/ptx/sparse_mxf8f6f4_e5m2xe4m3_ue8m0-1X_c6a3f142bd75.ptx,results/20260919T082444Z_NVIDIA_GeForce_RTX_5090/cubin/sparse_mxf8f6f4_e5m2xe4m3_ue8m0-1X_c6a3f142bd75.cubin,results/20260919T082444Z_NVIDIA_GeForce_RTX_5090/sass/sparse_mxf8f6f4_e5m2xe4m3_ue8m0-1X_c6a3f142bd75.sass.txt,results/20260919T082444Z_NVIDIA_GeForce_RTX_5090/sass/sparse_mxf8f6f4_e5m2xe4m3_ue8m0-1X_c6a3f142bd75.sass.json,
PASS,DOCUMENTED,sparse/mxf8f6f4/e5m2xe4m3/ue8m0-default-1X,1,1,f32,16,8,64,5.745535851,5.752492428,1985.629744,1983.228491,992.814872,46,SASS_OK,QMMA.SF.SP,32,32,32,mma.sync.aligned.kind::mxf8f6f4.sp::ordered_metadata.block_scale.m16n8k64.row.col.f32.e5m2.e4m3.f32.ue8m0,results/20260919T082444Z_NVIDIA_GeForce_RTX_5090/ptx/sparse_mxf8f6f4_e5m2xe4m3_ue8m0-default-1X_cfd6a2161bf9.ptx,results/20260919T082444Z_NVIDIA_GeForce_RTX_5090/cubin/sparse_mxf8f6f4_e5m2xe4m3_ue8m0-default-1X_cfd6a2161bf9.cubin,results/20260919T082444Z_NVIDIA_GeForce_RTX_5090/sass/sparse_mxf8f6f4_e5m2xe4m3_ue8m0-default-1X_cfd6a2161bf9.sass.txt,results/20260919T082444Z_NVIDIA_GeForce_RTX_5090/sass/sparse_mxf8f6f4_e5m2xe4m3_ue8m0-default-1X_cfd6a2161bf9.sass.json,
PASS,DOCUMENTED,sparse/mxf8f6f4/e5m2xe5m2/ue8m0-1X,1,1,f32,16,8,64,5.744160175,5.752185822,1986.105285,1983.334203,993.0526423,46,SASS_OK,QMMA.SF.SP,32,32,32,mma.sync.aligned.kind::mxf8f6f4.sp::ordered_metadata.block_scale.scale_vec::1X.m16n8k64.row.col.f32.e5m2.e5m2.f32.ue8m0,results/20260919T082444Z_NVIDIA_GeForce_RTX_5090/ptx/sparse_mxf8f6f4_e5m2xe5m2_ue8m0-1X_79083c3eb54d.ptx,results/20260919T082444Z_NVIDIA_GeForce_RTX_5090/cubin/sparse_mxf8f6f4_e5m2xe5m2_ue8m0-1X_79083c3eb54d.cubin,results/20260919T082444Z_NVIDIA_GeForce_RTX_5090/sass/sparse_mxf8f6f4_e5m2xe5m2_ue8m0-1X_79083c3eb54d.sass.txt,results/20260919T082444Z_NVIDIA_GeForce_RTX_5090/sass/sparse_mxf8f6f4_e5m2xe5m2_ue8m0-1X_79083c3eb54d.sass.json,
PASS,DOCUMENTED,sparse/mxf8f6f4/e5m2xe5m2/ue8m0-default-1X,1,1,f32,16,8,64,5.7422719,5.751084805,1986.758391,1983.713902,993.3791954,46,SASS_OK,QMMA.SF.SP,32,32,32,mma.sync.aligned.kind::mxf8f6f4.sp::ordered_metadata.block_scale.m16n8k64.row.col.f32.e5m2.e5m2.f32.ue8m0,results/20260919T082444Z_NVIDIA_GeForce_RTX_5090/ptx/sparse_mxf8f6f4_e5m2xe5m2_ue8m0-default-1X_12b2b5509d59.ptx,results/20260919T082444Z_NVIDIA_GeForce_RTX_5090/cubin/sparse_mxf8f6f4_e5m2xe5m2_ue8m0-default-1X_12b2b5509d59.cubin,results/20260919T082444Z_NVIDIA_GeForce_RTX_5090/sass/sparse_mxf8f6f4_e5m2xe5m2_ue8m0-default-1X_12b2b5509d59.sass.txt,results/20260919T082444Z_NVIDIA_GeForce_RTX_5090/sass/sparse_mxf8f6f4_e5m2xe5m2_ue8m0-default-1X_12b2b5509d59.sass.json,
PASS,DOCUMENTED,sparse/mxf8f6f4/e5m2xe3m2/ue8m0-1X,1,1,f32,16,8,64,5.742368221,5.74986887,1986.725065,1984.133402,993.3625327,46,SASS_OK,QMMA.SF.SP,32,32,32,mma.sync.aligned.kind::mxf8f6f4.sp::ordered_metadata.block_scale.scale_vec::1X.m16n8k64.row.col.f32.e5m2.e3m2.f32.ue8m0,results/20260919T082444Z_NVIDIA_GeForce_RTX_5090/ptx/sparse_mxf8f6f4_e5m2xe3m2_ue8m0-1X_8aa1edac8cb1.ptx,results/20260919T082444Z_NVIDIA_GeForce_RTX_5090/cubin/sparse_mxf8f6f4_e5m2xe3m2_ue8m0-1X_8aa1edac8cb1.cubin,results/20260919T082444Z_NVIDIA_GeForce_RTX_5090/sass/sparse_mxf8f6f4_e5m2xe3m2_ue8m0-1X_8aa1edac8cb1.sass.txt,results/20260919T082444Z_NVIDIA_GeForce_RTX_5090/sass/sparse_mxf8f6f4_e5m2xe3m2_ue8m0-1X_8aa1edac8cb1.sass.json,
PASS,DOCUMENTED,sparse/mxf8f6f4/e5m2xe3m2/ue8m0-default-1X,1,1,f32,16,8,64,5.741312027,5.750124454,1987.090551,1984.04521,993.5452756,46,SASS_OK,QMMA.SF.SP,32,32,32,mma.sync.aligned.kind::mxf8f6f4.sp::ordered_metadata.block_scale.m16n8k64.row.col.f32.e5m2.e3m2.f32.ue8m0,results/20260919T082444Z_NVIDIA_GeForce_RTX_5090/ptx/sparse_mxf8f6f4_e5m2xe3m2_ue8m0-default-1X_3892aa4191b9.ptx,results/20260919T082444Z_NVIDIA_GeForce_RTX_5090/cubin/sparse_mxf8f6f4_e5m2xe3m2_ue8m0-default-1X_3892aa4191b9.cubin,results/20260919T082444Z_NVIDIA_GeForce_RTX_5090/sass/sparse_mxf8f6f4_e5m2xe3m2_ue8m0-default-1X_3892aa4191b9.sass.txt,results/20260919T082444Z_NVIDIA_GeForce_RTX_5090/sass/sparse_mxf8f6f4_e5m2xe3m2_ue8m0-default-1X_3892aa4191b9.sass.json,
PASS,DOCUMENTED,sparse/mxf8f6f4/e5m2xe2m3/ue8m0-1X,1,1,f32,16,8,64,5.743296146,5.749721527,1986.404077,1984.184247,993.2020384,46,SASS_OK,QMMA.SF.SP,32,32,32,mma.sync.aligned.kind::mxf8f6f4.sp::ordered_metadata.block_scale.scale_vec::1X.m16n8k64.row.col.f32.e5m2.e2m3.f32.ue8m0,results/20260919T082444Z_NVIDIA_GeForce_RTX_5090/ptx/sparse_mxf8f6f4_e5m2xe2m3_ue8m0-1X_3a5984cea7f9.ptx,results/20260919T082444Z_NVIDIA_GeForce_RTX_5090/cubin/sparse_mxf8f6f4_e5m2xe2m3_ue8m0-1X_3a5984cea7f9.cubin,results/20260919T082444Z_NVIDIA_GeForce_RTX_5090/sass/sparse_mxf8f6f4_e5m2xe2m3_ue8m0-1X_3a5984cea7f9.sass.txt,results/20260919T082444Z_NVIDIA_GeForce_RTX_5090/sass/sparse_mxf8f6f4_e5m2xe2m3_ue8m0-1X_3a5984cea7f9.sass.json,
PASS,DOCUMENTED,sparse/mxf8f6f4/e5m2xe2m3/ue8m0-default-1X,1,1,f32,16,8,64,5.744416237,5.7507267,1986.016753,1983.837431,993.0083763,46,SASS_OK,QMMA.SF.SP,32,32,32,mma.sync.aligned.kind::mxf8f6f4.sp::ordered_metadata.block_scale.m16n8k64.row.col.f32.e5m2.e2m3.f32.ue8m0,results/20260919T082444Z_NVIDIA_GeForce_RTX_5090/ptx/sparse_mxf8f6f4_e5m2xe2m3_ue8m0-default-1X_9c632905d449.ptx,results/20260919T082444Z_NVIDIA_GeForce_RTX_5090/cubin/sparse_mxf8f6f4_e5m2xe2m3_ue8m0-default-1X_9c632905d449.cubin,results/20260919T082444Z_NVIDIA_GeForce_RTX_5090/sass/sparse_mxf8f6f4_e5m2xe2m3_ue8m0-default-1X_9c632905d449.sass.txt,results/20260919T082444Z_NVIDIA_GeForce_RTX_5090/sass/sparse_mxf8f6f4_e5m2xe2m3_ue8m0-default-1X_9c632905d449.sass.json,
PASS,DOCUMENTED,sparse/mxf8f6f4/e5m2xe2m1/ue8m0-1X,1,1,f32,16,8,64,5.746496201,5.753964424,1985.297907,1982.721136,992.6489535,46,SASS_OK,QMMA.SF.SP,32,32,32,mma.sync.aligned.kind::mxf8f6f4.sp::ordered_metadata.block_scale.scale_vec::1X.m16n8k64.row.col.f32.e5m2.e2m1.f32.ue8m0,results/20260919T082444Z_NVIDIA_GeForce_RTX_5090/ptx/sparse_mxf8f6f4_e5m2xe2m1_ue8m0-1X_a2abad666e3d.ptx,results/20260919T082444Z_NVIDIA_GeForce_RTX_5090/cubin/sparse_mxf8f6f4_e5m2xe2m1_ue8m0-1X_a2abad666e3d.cubin,results/20260919T082444Z_NVIDIA_GeForce_RTX_5090/sass/sparse_mxf8f6f4_e5m2xe2m1_ue8m0-1X_a2abad666e3d.sass.txt,results/20260919T082444Z_NVIDIA_GeForce_RTX_5090/sass/sparse_mxf8f6f4_e5m2xe2m1_ue8m0-1X_a2abad666e3d.sass.json,
PASS,DOCUMENTED,sparse/mxf8f6f4/e5m2xe2m1/ue8m0-default-1X,1,1,f32,16,8,64,5.744480133,5.75274229,1985.994662,1983.142353,992.997331,46,SASS_OK,QMMA.SF.SP,32,32,32,mma.sync.aligned.kind::mxf8f6f4.sp::ordered_metadata.block_scale.m16n8k64.row.col.f32.e5m2.e2m1.f32.ue8m0,results/20260919T082444Z_NVIDIA_GeForce_RTX_5090/ptx/sparse_mxf8f6f4_e5m2xe2m1_ue8m0-default-1X_ace289d1d199.ptx,results/20260919T082444Z_NVIDIA_GeForce_RTX_5090/cubin/sparse_mxf8f6f4_e5m2xe2m1_ue8m0-default-1X_ace289d1d199.cubin,results/20260919T082444Z_NVIDIA_GeForce_RTX_5090/sass/sparse_mxf8f6f4_e5m2xe2m1_ue8m0-default-1X_ace289d1d199.sass.txt,results/20260919T082444Z_NVIDIA_GeForce_RTX_5090/sass/sparse_mxf8f6f4_e5m2xe2m1_ue8m0-default-1X_ace289d1d199.sass.json,
PASS,DOCUMENTED,sparse/mxf8f6f4/e3m2xe4m3/ue8m0-1X,1,1,f32,16,8,64,5.744480133,5.759212971,1985.994662,1980.914222,992.997331,46,SASS_OK,QMMA.SF.SP,32,32,32,mma.sync.aligned.kind::mxf8f6f4.sp::ordered_metadata.block_scale.scale_vec::1X.m16n8k64.row.col.f32.e3m2.e4m3.f32.ue8m0,results/20260919T082444Z_NVIDIA_GeForce_RTX_5090/ptx/sparse_mxf8f6f4_e3m2xe4m3_ue8m0-1X_0ca3b5383dd5.ptx,results/20260919T082444Z_NVIDIA_GeForce_RTX_5090/cubin/sparse_mxf8f6f4_e3m2xe4m3_ue8m0-1X_0ca3b5383dd5.cubin,results/20260919T082444Z_NVIDIA_GeForce_RTX_5090/sass/sparse_mxf8f6f4_e3m2xe4m3_ue8m0-1X_0ca3b5383dd5.sass.txt,results/20260919T082444Z_NVIDIA_GeForce_RTX_5090/sass/sparse_mxf8f6f4_e3m2xe4m3_ue8m0-1X_0ca3b5383dd5.sass.json,
PASS,DOCUMENTED,sparse/mxf8f6f4/e3m2xe4m3/ue8m0-default-1X,1,1,f32,16,8,64,5.744383812,5.753145695,1986.027963,1983.003297,993.0139814,46,SASS_OK,QMMA.SF.SP,32,32,32,mma.sync.aligned.kind::mxf8f6f4.sp::ordered_metadata.block_scale.m16n8k64.row.col.f32.e3m2.e4m3.f32.ue8m0,results/20260919T082444Z_NVIDIA_GeForce_RTX_5090/ptx/sparse_mxf8f6f4_e3m2xe4m3_ue8m0-default-1X_a1117d455c05.ptx,results/20260919T082444Z_NVIDIA_GeForce_RTX_5090/cubin/sparse_mxf8f6f4_e3m2xe4m3_ue8m0-default-1X_a1117d455c05.cubin,results/20260919T082444Z_NVIDIA_GeForce_RTX_5090/sass/sparse_mxf8f6f4_e3m2xe4m3_ue8m0-default-1X_a1117d455c05.sass.txt,results/20260919T082444Z_NVIDIA_GeForce_RTX_5090/sass/sparse_mxf8f6f4_e3m2xe4m3_ue8m0-default-1X_a1117d455c05.sass.json,
PASS,DOCUMENTED,sparse/mxf8f6f4/e3m2xe5m2/ue8m0-1X,1,1,f32,16,8,64,5.744544029,5.749990463,1985.972572,1984.091444,992.9862859,46,SASS_OK,QMMA.SF.SP,32,32,32,mma.sync.aligned.kind::mxf8f6f4.sp::ordered_metadata.block_scale.scale_vec::1X.m16n8k64.row.col.f32.e3m2.e5m2.f32.ue8m0,results/20260919T082444Z_NVIDIA_GeForce_RTX_5090/ptx/sparse_mxf8f6f4_e3m2xe5m2_ue8m0-1X_4ef32492e65d.ptx,results/20260919T082444Z_NVIDIA_GeForce_RTX_5090/cubin/sparse_mxf8f6f4_e3m2xe5m2_ue8m0-1X_4ef32492e65d.cubin,results/20260919T082444Z_NVIDIA_GeForce_RTX_5090/sass/sparse_mxf8f6f4_e3m2xe5m2_ue8m0-1X_4ef32492e65d.sass.txt,results/20260919T082444Z_NVIDIA_GeForce_RTX_5090/sass/sparse_mxf8f6f4_e3m2xe5m2_ue8m0-1X_4ef32492e65d.sass.json,
PASS,DOCUMENTED,sparse/mxf8f6f4/e3m2xe5m2/ue8m0-default-1X,1,1,f32,16,8,64,5.744383812,5.753241539,1986.027963,1982.970262,993.0139814,46,SASS_OK,QMMA.SF.SP,32,32,32,mma.sync.aligned.kind::mxf8f6f4.sp::ordered_metadata.block_scale.m16n8k64.row.col.f32.e3m2.e5m2.f32.ue8m0,results/20260919T082444Z_NVIDIA_GeForce_RTX_5090/ptx/sparse_mxf8f6f4_e3m2xe5m2_ue8m0-default-1X_3a887d2afc85.ptx,results/20260919T082444Z_NVIDIA_GeForce_RTX_5090/cubin/sparse_mxf8f6f4_e3m2xe5m2_ue8m0-default-1X_3a887d2afc85.cubin,results/20260919T082444Z_NVIDIA_GeForce_RTX_5090/sass/sparse_mxf8f6f4_e3m2xe5m2_ue8m0-default-1X_3a887d2afc85.sass.txt,results/20260919T082444Z_NVIDIA_GeForce_RTX_5090/sass/sparse_mxf8f6f4_e3m2xe5m2_ue8m0-default-1X_3a887d2afc85.sass.json,
PASS,DOCUMENTED,sparse/mxf8f6f4/e3m2xe3m2/ue8m0-1X,1,1,f32,16,8,64,11.2587204,11.26583099,1013.304041,1012.66448,506.6520207,46,SASS_OK,QMMA.SF.SP,32,32,32,mma.sync.aligned.kind::mxf8f6f4.sp::ordered_metadata.block_scale.scale_vec::1X.m16n8k64.row.col.f32.e3m2.e3m2.f32.ue8m0,results/20260919T082444Z_NVIDIA_GeForce_RTX_5090/ptx/sparse_mxf8f6f4_e3m2xe3m2_ue8m0-1X_b92ced0453f1.ptx,results/20260919T082444Z_NVIDIA_GeForce_RTX_5090/cubin/sparse_mxf8f6f4_e3m2xe3m2_ue8m0-1X_b92ced0453f1.cubin,results/20260919T082444Z_NVIDIA_GeForce_RTX_5090/sass/sparse_mxf8f6f4_e3m2xe3m2_ue8m0-1X_b92ced0453f1.sass.txt,results/20260919T082444Z_NVIDIA_GeForce_RTX_5090/sass/sparse_mxf8f6f4_e3m2xe3m2_ue8m0-1X_b92ced0453f1.sass.json,
PASS,DOCUMENTED,sparse/mxf8f6f4/e3m2xe3m2/ue8m0-default-1X,1,1,f32,16,8,64,11.26076794,11.26534462,1013.119793,1012.708201,506.5598965,46,SASS_OK,QMMA.SF.SP,32,32,32,mma.sync.aligned.kind::mxf8f6f4.sp::ordered_metadata.block_scale.m16n8k64.row.col.f32.e3m2.e3m2.f32.ue8m0,results/20260919T082444Z_NVIDIA_GeForce_RTX_5090/ptx/sparse_mxf8f6f4_e3m2xe3m2_ue8m0-default-1X_545313d941ad.ptx,results/20260919T082444Z_NVIDIA_GeForce_RTX_5090/cubin/sparse_mxf8f6f4_e3m2xe3m2_ue8m0-default-1X_545313d941ad.cubin,results/20260919T082444Z_NVIDIA_GeForce_RTX_5090/sass/sparse_mxf8f6f4_e3m2xe3m2_ue8m0-default-1X_545313d941ad.sass.txt,results/20260919T082444Z_NVIDIA_GeForce_RTX_5090/sass/sparse_mxf8f6f4_e3m2xe3m2_ue8m0-default-1X_545313d941ad.sass.json,
PASS,DOCUMENTED,sparse/mxf8f6f4/e3m2xe2m3/ue8m0-1X,1,1,f32,16,8,64,11.26467228,11.26943398,1012.768645,1012.340718,506.3843225,46,SASS_OK,QMMA.SF.SP,32,32,32,mma.sync.aligned.kind::mxf8f6f4.sp::ordered_metadata.block_scale.scale_vec::1X.m16n8k64.row.col.f32.e3m2.e2m3.f32.ue8m0,results/20260919T082444Z_NVIDIA_GeForce_RTX_5090/ptx/sparse_mxf8f6f4_e3m2xe2m3_ue8m0-1X_43fca45bf049.ptx,results/20260919T082444Z_NVIDIA_GeForce_RTX_5090/cubin/sparse_mxf8f6f4_e3m2xe2m3_ue8m0-1X_43fca45bf049.cubin,results/20260919T082444Z_NVIDIA_GeForce_RTX_5090/sass/sparse_mxf8f6f4_e3m2xe2m3_ue8m0-1X_43fca45bf049.sass.txt,results/20260919T082444Z_NVIDIA_GeForce_RTX_5090/sass/sparse_mxf8f6f4_e3m2xe2m3_ue8m0-1X_43fca45bf049.sass.json,
PASS,DOCUMENTED,sparse/mxf8f6f4/e3m2xe2m3/ue8m0-default-1X,1,1,f32,16,8,64,11.2596159,11.26400661,1013.223451,1012.828496,506.6117256,46,SASS_OK,QMMA.SF.SP,32,32,32,mma.sync.aligned.kind::mxf8f6f4.sp::ordered_metadata.block_scale.m16n8k64.row.col.f32.e3m2.e2m3.f32.ue8m0,results/20260919T082444Z_NVIDIA_GeForce_RTX_5090/ptx/sparse_mxf8f6f4_e3m2xe2m3_ue8m0-default-1X_f91db97a8cfd.ptx,results/20260919T082444Z_NVIDIA_GeForce_RTX_5090/cubin/sparse_mxf8f6f4_e3m2xe2m3_ue8m0-default-1X_f91db97a8cfd.cubin,results/20260919T082444Z_NVIDIA_GeForce_RTX_5090/sass/sparse_mxf8f6f4_e3m2xe2m3_ue8m0-default-1X_f91db97a8cfd.sass.txt,results/20260919T082444Z_NVIDIA_GeForce_RTX_5090/sass/sparse_mxf8f6f4_e3m2xe2m3_ue8m0-default-1X_f91db97a8cfd.sass.json,
PASS,DOCUMENTED,sparse/mxf8f6f4/e3m2xe2m1/ue8m0-1X,1,1,f32,16,8,64,11.25948811,11.26526737,1013.234951,1012.715145,506.6174755,46,SASS_OK,QMMA.SF.SP,32,32,32,mma.sync.aligned.kind::mxf8f6f4.sp::ordered_metadata.block_scale.scale_vec::1X.m16n8k64.row.col.f32.e3m2.e2m1.f32.ue8m0,results/20260919T082444Z_NVIDIA_GeForce_RTX_5090/ptx/sparse_mxf8f6f4_e3m2xe2m1_ue8m0-1X_80434a5064bd.ptx,results/20260919T082444Z_NVIDIA_GeForce_RTX_5090/cubin/sparse_mxf8f6f4_e3m2xe2m1_ue8m0-1X_80434a5064bd.cubin,results/20260919T082444Z_NVIDIA_GeForce_RTX_5090/sass/sparse_mxf8f6f4_e3m2xe2m1_ue8m0-1X_80434a5064bd.sass.txt,results/20260919T082444Z_NVIDIA_GeForce_RTX_5090/sass/sparse_mxf8f6f4_e3m2xe2m1_ue8m0-1X_80434a5064bd.sass.json,
PASS,DOCUMENTED,sparse/mxf8f6f4/e3m2xe2m1/ue8m0-default-1X,1,1,f32,16,8,64,11.26275158,11.26838398,1012.941358,1012.435048,506.470679,46,SASS_OK,QMMA.SF.SP,32,32,32,mma.sync.aligned.kind::mxf8f6f4.sp::ordered_metadata.block_scale.m16n8k64.row.col.f32.e3m2.e2m1.f32.ue8m0,results/20260919T082444Z_NVIDIA_GeForce_RTX_5090/ptx/sparse_mxf8f6f4_e3m2xe2m1_ue8m0-default-1X_e394044b1fad.ptx,results/20260919T082444Z_NVIDIA_GeForce_RTX_5090/cubin/sparse_mxf8f6f4_e3m2xe2m1_ue8m0-default-1X_e394044b1fad.cubin,results/20260919T082444Z_NVIDIA_GeForce_RTX_5090/sass/sparse_mxf8f6f4_e3m2xe2m1_ue8m0-default-1X_e394044b1fad.sass.txt,results/20260919T082444Z_NVIDIA_GeForce_RTX_5090/sass/sparse_mxf8f6f4_e3m2xe2m1_ue8m0-default-1X_e394044b1fad.sass.json,
PASS,DOCUMENTED,sparse/mxf8f6f4/e2m3xe4m3/ue8m0-1X,1,1,f32,16,8,64,5.744416237,5.752198219,1986.016753,1983.329928,993.0083763,46,SASS_OK,QMMA.SF.SP,32,32,32,mma.sync.aligned.kind::mxf8f6f4.sp::ordered_metadata.block_scale.scale_vec::1X.m16n8k64.row.col.f32.e2m3.e4m3.f32.ue8m0,results/20260919T082444Z_NVIDIA_GeForce_RTX_5090/ptx/sparse_mxf8f6f4_e2m3xe4m3_ue8m0-1X_f3507f927345.ptx,results/20260919T082444Z_NVIDIA_GeForce_RTX_5090/cubin/sparse_mxf8f6f4_e2m3xe4m3_ue8m0-1X_f3507f927345.cubin,results/20260919T082444Z_NVIDIA_GeForce_RTX_5090/sass/sparse_mxf8f6f4_e2m3xe4m3_ue8m0-1X_f3507f927345.sass.txt,results/20260919T082444Z_NVIDIA_GeForce_RTX_5090/sass/sparse_mxf8f6f4_e2m3xe4m3_ue8m0-1X_f3507f927345.sass.json,
PASS,DOCUMENTED,sparse/mxf8f6f4/e2m3xe4m3/ue8m0-default-1X,1,1,f32,16,8,64,5.747007847,5.754828453,1985.121159,1982.423451,992.5605797,46,SASS_OK,QMMA.SF.SP,32,32,32,mma.sync.aligned.kind::mxf8f6f4.sp::ordered_metadata.block_scale.m16n8k64.row.col.f32.e2m3.e4m3.f32.ue8m0,results/20260919T082444Z_NVIDIA_GeForce_RTX_5090/ptx/sparse_mxf8f6f4_e2m3xe4m3_ue8m0-default-1X_e20eb054d3ed.ptx,results/20260919T082444Z_NVIDIA_GeForce_RTX_5090/cubin/sparse_mxf8f6f4_e2m3xe4m3_ue8m0-default-1X_e20eb054d3ed.cubin,results/20260919T082444Z_NVIDIA_GeForce_RTX_5090/sass/sparse_mxf8f6f4_e2m3xe4m3_ue8m0-default-1X_e20eb054d3ed.sass.txt,results/20260919T082444Z_NVIDIA_GeForce_RTX_5090/sass/sparse_mxf8f6f4_e2m3xe4m3_ue8m0-default-1X_e20eb054d3ed.sass.json,
PASS,DOCUMENTED,sparse/mxf8f6f4/e2m3xe5m2/ue8m0-1X,1,1,f32,16,8,64,5.745120049,5.753504753,1985.773454,1982.879544,992.8867268,46,SASS_OK,QMMA.SF.SP,32,32,32,mma.sync.aligned.kind::mxf8f6f4.sp::ordered_metadata.block_scale.scale_vec::1X.m16n8k64.row.col.f32.e2m3.e5m2.f32.ue8m0,results/20260919T082444Z_NVIDIA_GeForce_RTX_5090/ptx/sparse_mxf8f6f4_e2m3xe5m2_ue8m0-1X_ba0348f54edd.ptx,results/20260919T082444Z_NVIDIA_GeForce_RTX_5090/cubin/sparse_mxf8f6f4_e2m3xe5m2_ue8m0-1X_ba0348f54edd.cubin,results/20260919T082444Z_NVIDIA_GeForce_RTX_5090/sass/sparse_mxf8f6f4_e2m3xe5m2_ue8m0-1X_ba0348f54edd.sass.txt,results/20260919T082444Z_NVIDIA_GeForce_RTX_5090/sass/sparse_mxf8f6f4_e2m3xe5m2_ue8m0-1X_ba0348f54edd.sass.json,
PASS,DOCUMENTED,sparse/mxf8f6f4/e2m3xe5m2/ue8m0-default-1X,1,1,f32,16,8,64,5.746399879,5.754412651,1985.331185,1982.566697,992.6655923,46,SASS_OK,QMMA.SF.SP,32,32,32,mma.sync.aligned.kind::mxf8f6f4.sp::ordered_metadata.block_scale.m16n8k64.row.col.f32.e2m3.e5m2.f32.ue8m0,results/20260919T082444Z_NVIDIA_GeForce_RTX_5090/ptx/sparse_mxf8f6f4_e2m3xe5m2_ue8m0-default-1X_3c8c0d1c41ad.ptx,results/20260919T082444Z_NVIDIA_GeForce_RTX_5090/cubin/sparse_mxf8f6f4_e2m3xe5m2_ue8m0-default-1X_3c8c0d1c41ad.cubin,results/20260919T082444Z_NVIDIA_GeForce_RTX_5090/sass/sparse_mxf8f6f4_e2m3xe5m2_ue8m0-default-1X_3c8c0d1c41ad.sass.txt,results/20260919T082444Z_NVIDIA_GeForce_RTX_5090/sass/sparse_mxf8f6f4_e2m3xe5m2_ue8m0-default-1X_3c8c0d1c41ad.sass.json,
PASS,DOCUMENTED,sparse/mxf8f6f4/e2m3xe3m2/ue8m0-1X,1,1,f32,16,8,64,11.26460838,11.26981831,1012.77439,1012.306194,506.3871948,46,SASS_OK,QMMA.SF.SP,32,32,32,mma.sync.aligned.kind::mxf8f6f4.sp::ordered_metadata.block_scale.scale_vec::1X.m16n8k64.row.col.f32.e2m3.e3m2.f32.ue8m0,results/20260919T082444Z_NVIDIA_GeForce_RTX_5090/ptx/sparse_mxf8f6f4_e2m3xe3m2_ue8m0-1X_32ff4eb330b1.ptx,results/20260919T082444Z_NVIDIA_GeForce_RTX_5090/cubin/sparse_mxf8f6f4_e2m3xe3m2_ue8m0-1X_32ff4eb330b1.cubin,results/20260919T082444Z_NVIDIA_GeForce_RTX_5090/sass/sparse_mxf8f6f4_e2m3xe3m2_ue8m0-1X_32ff4eb330b1.sass.txt,results/20260919T082444Z_NVIDIA_GeForce_RTX_5090/sass/sparse_mxf8f6f4_e2m3xe3m2_ue8m0-1X_32ff4eb330b1.sass.json,
PASS,DOCUMENTED,sparse/mxf8f6f4/e2m3xe3m2/ue8m0-default-1X,1,1,f32,16,8,64,11.26659203,11.27109814,1012.596076,1012.191247,506.2980382,46,SASS_OK,QMMA.SF.SP,32,32,32,mma.sync.aligned.kind::mxf8f6f4.sp::ordered_metadata.block_scale.m16n8k64.row.col.f32.e2m3.e3m2.f32.ue8m0,results/20260919T082444Z_NVIDIA_GeForce_RTX_5090/ptx/sparse_mxf8f6f4_e2m3xe3m2_ue8m0-default-1X_7eea231aa455.ptx,results/20260919T082444Z_NVIDIA_GeForce_RTX_5090/cubin/sparse_mxf8f6f4_e2m3xe3m2_ue8m0-default-1X_7eea231aa455.cubin,results/20260919T082444Z_NVIDIA_GeForce_RTX_5090/sass/sparse_mxf8f6f4_e2m3xe3m2_ue8m0-default-1X_7eea231aa455.sass.txt,results/20260919T082444Z_NVIDIA_GeForce_RTX_5090/sass/sparse_mxf8f6f4_e2m3xe3m2_ue8m0-default-1X_7eea231aa455.sass.json,
PASS,DOCUMENTED,sparse/mxf8f6f4/e2m3xe2m3/ue8m0-1X,1,1,f32,16,8,64,11.26470375,11.26867867,1012.765815,1012.408572,506.3829077,46,SASS_OK,QMMA.SF.SP,32,32,32,mma.sync.aligned.kind::mxf8f6f4.sp::ordered_metadata.block_scale.scale_vec::1X.m16n8k64.row.col.f32.e2m3.e2m3.f32.ue8m0,results/20260919T082444Z_NVIDIA_GeForce_RTX_5090/ptx/sparse_mxf8f6f4_e2m3xe2m3_ue8m0-1X_67f1c9e7d9b9.ptx,results/20260919T082444Z_NVIDIA_GeForce_RTX_5090/cubin/sparse_mxf8f6f4_e2m3xe2m3_ue8m0-1X_67f1c9e7d9b9.cubin,results/20260919T082444Z_NVIDIA_GeForce_RTX_5090/sass/sparse_mxf8f6f4_e2m3xe2m3_ue8m0-1X_67f1c9e7d9b9.sass.txt,results/20260919T082444Z_NVIDIA_GeForce_RTX_5090/sass/sparse_mxf8f6f4_e2m3xe2m3_ue8m0-1X_67f1c9e7d9b9.sass.json,
PASS,DOCUMENTED,sparse/mxf8f6f4/e2m3xe2m3/ue8m0-default-1X,1,1,f32,16,8,64,11.26348782,11.26944065,1012.875147,1012.340118,506.4375736,46,SASS_OK,QMMA.SF.SP,32,32,32,mma.sync.aligned.kind::mxf8f6f4.sp::ordered_metadata.block_scale.m16n8k64.row.col.f32.e2m3.e2m3.f32.ue8m0,results/20260919T082444Z_NVIDIA_GeForce_RTX_5090/ptx/sparse_mxf8f6f4_e2m3xe2m3_ue8m0-default-1X_9733eefcd705.ptx,results/20260919T082444Z_NVIDIA_GeForce_RTX_5090/cubin/sparse_mxf8f6f4_e2m3xe2m3_ue8m0-default-1X_9733eefcd705.cubin,results/20260919T082444Z_NVIDIA_GeForce_RTX_5090/sass/sparse_mxf8f6f4_e2m3xe2m3_ue8m0-default-1X_9733eefcd705.sass.txt,results/20260919T082444Z_NVIDIA_GeForce_RTX_5090/sass/sparse_mxf8f6f4_e2m3xe2m3_ue8m0-default-1X_9733eefcd705.sass.json,
PASS,DOCUMENTED,sparse/mxf8f6f4/e2m3xe2m1/ue8m0-1X,1,1,f32,16,8,64,11.26073647,11.26787853,1013.122624,1012.480464,506.5613122,46,SASS_OK,QMMA.SF.SP,32,32,32,mma.sync.aligned.kind::mxf8f6f4.sp::ordered_metadata.block_scale.scale_vec::1X.m16n8k64.row.col.f32.e2m3.e2m1.f32.ue8m0,results/20260919T082444Z_NVIDIA_GeForce_RTX_5090/ptx/sparse_mxf8f6f4_e2m3xe2m1_ue8m0-1X_bc8100577205.ptx,results/20260919T082444Z_NVIDIA_GeForce_RTX_5090/cubin/sparse_mxf8f6f4_e2m3xe2m1_ue8m0-1X_bc8100577205.cubin,results/20260919T082444Z_NVIDIA_GeForce_RTX_5090/sass/sparse_mxf8f6f4_e2m3xe2m1_ue8m0-1X_bc8100577205.sass.txt,results/20260919T082444Z_NVIDIA_GeForce_RTX_5090/sass/sparse_mxf8f6f4_e2m3xe2m1_ue8m0-1X_bc8100577205.sass.json,
PASS,DOCUMENTED,sparse/mxf8f6f4/e2m3xe2m1/ue8m0-default-1X,1,1,f32,16,8,64,11.25897598,11.26591969,1013.281039,1012.656507,506.6405194,46,SASS_OK,QMMA.SF.SP,32,32,32,mma.sync.aligned.kind::mxf8f6f4.sp::ordered_metadata.block_scale.m16n8k64.row.col.f32.e2m3.e2m1.f32.ue8m0,results/20260919T082444Z_NVIDIA_GeForce_RTX_5090/ptx/sparse_mxf8f6f4_e2m3xe2m1_ue8m0-default-1X_94ac661ea9cd.ptx,results/20260919T082444Z_NVIDIA_GeForce_RTX_5090/cubin/sparse_mxf8f6f4_e2m3xe2m1_ue8m0-default-1X_94ac661ea9cd.cubin,results/20260919T082444Z_NVIDIA_GeForce_RTX_5090/sass/sparse_mxf8f6f4_e2m3xe2m1_ue8m0-default-1X_94ac661ea9cd.sass.txt,results/20260919T082444Z_NVIDIA_GeForce_RTX_5090/sass/sparse_mxf8f6f4_e2m3xe2m1_ue8m0-default-1X_94ac661ea9cd.sass.json,
PASS,DOCUMENTED,sparse/mxf8f6f4/e2m1xe4m3/ue8m0-1X,1,1,f32,16,8,64,5.749152184,5.75519371,1984.380743,1982.297635,992.1903714,46,SASS_OK,QMMA.SF.SP,32,32,32,mma.sync.aligned.kind::mxf8f6f4.sp::ordered_metadata.block_scale.scale_vec::1X.m16n8k64.row.col.f32.e2m1.e4m3.f32.ue8m0,results/20260919T082444Z_NVIDIA_GeForce_RTX_5090/ptx/sparse_mxf8f6f4_e2m1xe4m3_ue8m0-1X_e8814e9676d5.ptx,results/20260919T082444Z_NVIDIA_GeForce_RTX_5090/cubin/sparse_mxf8f6f4_e2m1xe4m3_ue8m0-1X_e8814e9676d5.cubin,results/20260919T082444Z_NVIDIA_GeForce_RTX_5090/sass/sparse_mxf8f6f4_e2m1xe4m3_ue8m0-1X_e8814e9676d5.sass.txt,results/20260919T082444Z_NVIDIA_GeForce_RTX_5090/sass/sparse_mxf8f6f4_e2m1xe4m3_ue8m0-1X_e8814e9676d5.sass.json,
PASS,DOCUMENTED,sparse/mxf8f6f4/e2m1xe4m3/ue8m0-default-1X,1,1,f32,16,8,64,5.746528149,5.753702641,1985.28687,1982.811346,992.6434349,46,SASS_OK,QMMA.SF.SP,32,32,32,mma.sync.aligned.kind::mxf8f6f4.sp::ordered_metadata.block_scale.m16n8k64.row.col.f32.e2m1.e4m3.f32.ue8m0,results/20260919T082444Z_NVIDIA_GeForce_RTX_5090/ptx/sparse_mxf8f6f4_e2m1xe4m3_ue8m0-default-1X_9fb057b85c69.ptx,results/20260919T082444Z_NVIDIA_GeForce_RTX_5090/cubin/sparse_mxf8f6f4_e2m1xe4m3_ue8m0-default-1X_9fb057b85c69.cubin,results/20260919T082444Z_NVIDIA_GeForce_RTX_5090/sass/sparse_mxf8f6f4_e2m1xe4m3_ue8m0-default-1X_9fb057b85c69.sass.txt,results/20260919T082444Z_NVIDIA_GeForce_RTX_5090/sass/sparse_mxf8f6f4_e2m1xe4m3_ue8m0-default-1X_9fb057b85c69.sass.json,
PASS,DOCUMENTED,sparse/mxf8f6f4/e2m1xe5m2/ue8m0-1X,1,1,f32,16,8,64,5.744287968,5.7520895,1986.0611,1983.367414,993.03055,46,SASS_OK,QMMA.SF.SP,32,32,32,mma.sync.aligned.kind::mxf8f6f4.sp::ordered_metadata.block_scale.scale_vec::1X.m16n8k64.row.col.f32.e2m1.e5m2.f32.ue8m0,results/20260919T082444Z_NVIDIA_GeForce_RTX_5090/ptx/sparse_mxf8f6f4_e2m1xe5m2_ue8m0-1X_287b95470435.ptx,results/20260919T082444Z_NVIDIA_GeForce_RTX_5090/cubin/sparse_mxf8f6f4_e2m1xe5m2_ue8m0-1X_287b95470435.cubin,results/20260919T082444Z_NVIDIA_GeForce_RTX_5090/sass/sparse_mxf8f6f4_e2m1xe5m2_ue8m0-1X_287b95470435.sass.txt,results/20260919T082444Z_NVIDIA_GeForce_RTX_5090/sass/sparse_mxf8f6f4_e2m1xe5m2_ue8m0-1X_287b95470435.sass.json,
PASS,DOCUMENTED,sparse/mxf8f6f4/e2m1xe5m2/ue8m0-default-1X,1,1,f32,16,8,64,5.746463776,5.75378561,1985.309109,1982.782754,992.6545546,46,SASS_OK,QMMA.SF.SP,32,32,32,mma.sync.aligned.kind::mxf8f6f4.sp::ordered_metadata.block_scale.m16n8k64.row.col.f32.e2m1.e5m2.f32.ue8m0,results/20260919T082444Z_NVIDIA_GeForce_RTX_5090/ptx/sparse_mxf8f6f4_e2m1xe5m2_ue8m0-default-1X_65e857172851.ptx,results/20260919T082444Z_NVIDIA_GeForce_RTX_5090/cubin/sparse_mxf8f6f4_e2m1xe5m2_ue8m0-default-1X_65e857172851.cubin,results/20260919T082444Z_NVIDIA_GeForce_RTX_5090/sass/sparse_mxf8f6f4_e2m1xe5m2_ue8m0-default-1X_65e857172851.sass.txt,results/20260919T082444Z_NVIDIA_GeForce_RTX_5090/sass/sparse_mxf8f6f4_e2m1xe5m2_ue8m0-default-1X_65e857172851.sass.json,
PASS,DOCUMENTED,sparse/mxf8f6f4/e2m1xe3m2/ue8m0-1X,1,1,f32,16,8,64,11.26345634,11.27308846,1012.877977,1012.01254,506.4389887,46,SASS_OK,QMMA.SF.SP,32,32,32,mma.sync.aligned.kind::mxf8f6f4.sp::ordered_metadata.block_scale.scale_vec::1X.m16n8k64.row.col.f32.e2m1.e3m2.f32.ue8m0,results/20260919T082444Z_NVIDIA_GeForce_RTX_5090/ptx/sparse_mxf8f6f4_e2m1xe3m2_ue8m0-1X_39fed4055c89.ptx,results/20260919T082444Z_NVIDIA_GeForce_RTX_5090/cubin/sparse_mxf8f6f4_e2m1xe3m2_ue8m0-1X_39fed4055c89.cubin,results/20260919T082444Z_NVIDIA_GeForce_RTX_5090/sass/sparse_mxf8f6f4_e2m1xe3m2_ue8m0-1X_39fed4055c89.sass.txt,results/20260919T082444Z_NVIDIA_GeForce_RTX_5090/sass/sparse_mxf8f6f4_e2m1xe3m2_ue8m0-1X_39fed4055c89.sass.json,
PASS,DOCUMENTED,sparse/mxf8f6f4/e2m1xe3m2/ue8m0-default-1X,1,1,f32,16,8,64,11.26543999,11.27249336,1012.699628,1012.065966,506.3498138,46,SASS_OK,QMMA.SF.SP,32,32,32,mma.sync.aligned.kind::mxf8f6f4.sp::ordered_metadata.block_scale.m16n8k64.row.col.f32.e2m1.e3m2.f32.ue8m0,results/20260919T082444Z_NVIDIA_GeForce_RTX_5090/ptx/sparse_mxf8f6f4_e2m1xe3m2_ue8m0-default-1X_91df29835e39.ptx,results/20260919T082444Z_NVIDIA_GeForce_RTX_5090/cubin/sparse_mxf8f6f4_e2m1xe3m2_ue8m0-default-1X_91df29835e39.cubin,results/20260919T082444Z_NVIDIA_GeForce_RTX_5090/sass/sparse_mxf8f6f4_e2m1xe3m2_ue8m0-default-1X_91df29835e39.sass.txt,results/20260919T082444Z_NVIDIA_GeForce_RTX_5090/sass/sparse_mxf8f6f4_e2m1xe3m2_ue8m0-default-1X_91df29835e39.sass.json,
PASS,DOCUMENTED,sparse/mxf8f6f4/e2m1xe2m3/ue8m0-1X,1,1,f32,16,8,64,11.26467228,11.27000332,1012.768645,1012.289576,506.3843225,46,SASS_OK,QMMA.SF.SP,32,32,32,mma.sync.aligned.kind::mxf8f6f4.sp::ordered_metadata.block_scale.scale_vec::1X.m16n8k64.row.col.f32.e2m1.e2m3.f32.ue8m0,results/20260919T082444Z_NVIDIA_GeForce_RTX_5090/ptx/sparse_mxf8f6f4_e2m1xe2m3_ue8m0-1X_411f526bce19.ptx,results/20260919T082444Z_NVIDIA_GeForce_RTX_5090/cubin/sparse_mxf8f6f4_e2m1xe2m3_ue8m0-1X_411f526bce19.cubin,results/20260919T082444Z_NVIDIA_GeForce_RTX_5090/sass/sparse_mxf8f6f4_e2m1xe2m3_ue8m0-1X_411f526bce19.sass.txt,results/20260919T082444Z_NVIDIA_GeForce_RTX_5090/sass/sparse_mxf8f6f4_e2m1xe2m3_ue8m0-1X_411f526bce19.sass.json,
PASS,DOCUMENTED,sparse/mxf8f6f4/e2m1xe2m3/ue8m0-default-1X,1,1,f32,16,8,64,11.26569557,11.27140999,1012.676653,1012.163242,506.3383263,46,SASS_OK,QMMA.SF.SP,32,32,32,mma.sync.aligned.kind::mxf8f6f4.sp::ordered_metadata.block_scale.m16n8k64.row.col.f32.e2m1.e2m3.f32.ue8m0,results/20260919T082444Z_NVIDIA_GeForce_RTX_5090/ptx/sparse_mxf8f6f4_e2m1xe2m3_ue8m0-default-1X_26a1b3d48641.ptx,results/20260919T082444Z_NVIDIA_GeForce_RTX_5090/cubin/sparse_mxf8f6f4_e2m1xe2m3_ue8m0-default-1X_26a1b3d48641.cubin,results/20260919T082444Z_NVIDIA_GeForce_RTX_5090/sass/sparse_mxf8f6f4_e2m1xe2m3_ue8m0-default-1X_26a1b3d48641.sass.txt,results/20260919T082444Z_NVIDIA_GeForce_RTX_5090/sass/sparse_mxf8f6f4_e2m1xe2m3_ue8m0-default-1X_26a1b3d48641.sass.json,
PASS,DOCUMENTED,sparse/mxf8f6f4/e2m1xe2m1/ue8m0-1X,1,1,f32,16,8,64,11.26336002,11.26838398,1012.886639,1012.435048,506.4433196,46,SASS_OK,QMMA.SF.SP,32,32,32,mma.sync.aligned.kind::mxf8f6f4.sp::ordered_metadata.block_scale.scale_vec::1X.m16n8k64.row.col.f32.e2m1.e2m1.f32.ue8m0,results/20260919T082444Z_NVIDIA_GeForce_RTX_5090/ptx/sparse_mxf8f6f4_e2m1xe2m1_ue8m0-1X_eec7dee33de5.ptx,results/20260919T082444Z_NVIDIA_GeForce_RTX_5090/cubin/sparse_mxf8f6f4_e2m1xe2m1_ue8m0-1X_eec7dee33de5.cubin,results/20260919T082444Z_NVIDIA_GeForce_RTX_5090/sass/sparse_mxf8f6f4_e2m1xe2m1_ue8m0-1X_eec7dee33de5.sass.txt,results/20260919T082444Z_NVIDIA_GeForce_RTX_5090/sass/sparse_mxf8f6f4_e2m1xe2m1_ue8m0-1X_eec7dee33de5.sass.json,
PASS,DOCUMENTED,sparse/mxf8f6f4/e2m1xe2m1/ue8m0-default-1X,1,1,f32,16,8,64,11.26102448,11.26636791,1013.096713,1012.616219,506.5483565,46,SASS_OK,QMMA.SF.SP,32,32,32,mma.sync.aligned.kind::mxf8f6f4.sp::ordered_metadata.block_scale.m16n8k64.row.col.f32.e2m1.e2m1.f32.ue8m0,results/20260919T082444Z_NVIDIA_GeForce_RTX_5090/ptx/sparse_mxf8f6f4_e2m1xe2m1_ue8m0-default-1X_697ea2b6cd91.ptx,results/20260919T082444Z_NVIDIA_GeForce_RTX_5090/cubin/sparse_mxf8f6f4_e2m1xe2m1_ue8m0-default-1X_697ea2b6cd91.cubin,results/20260919T082444Z_NVIDIA_GeForce_RTX_5090/sass/sparse_mxf8f6f4_e2m1xe2m1_ue8m0-default-1X_697ea2b6cd91.sass.txt,results/20260919T082444Z_NVIDIA_GeForce_RTX_5090/sass/sparse_mxf8f6f4_e2m1xe2m1_ue8m0-default-1X_697ea2b6cd91.sass.json,
PASS,DOCUMENTED,sparse/mxf4/e2m1xe2m1/ue8m0-2X,1,1,f32,16,8,128,5.747039795,5.753714561,3970.220248,3965.614477,1985.110124,46,SASS_OK,OMMA.SF.SP,32,32,32,mma.sync.aligned.kind::mxf4.sp::ordered_metadata.block_scale.scale_vec::2X.m16n8k128.row.col.f32.e2m1.e2m1.f32.ue8m0,results/20260919T082444Z_NVIDIA_GeForce_RTX_5090/ptx/sparse_mxf4_e2m1xe2m1_ue8m0-2X_8b941f534788.ptx,results/20260919T082444Z_NVIDIA_GeForce_RTX_5090/cubin/sparse_mxf4_e2m1xe2m1_ue8m0-2X_8b941f534788.cubin,results/20260919T082444Z_NVIDIA_GeForce_RTX_5090/sass/sparse_mxf4_e2m1xe2m1_ue8m0-2X_8b941f534788.sass.txt,results/20260919T082444Z_NVIDIA_GeForce_RTX_5090/sass/sparse_mxf4_e2m1xe2m1_ue8m0-2X_8b941f534788.sass.json,
PASS,DOCUMENTED,sparse/mxf4/e2m1xe2m1/ue8m0-default-2X,1,1,f32,16,8,128,5.745024204,5.753510475,3971.613165,3965.755143,1985.806582,46,SASS_OK,OMMA.SF.SP,32,32,32,mma.sync.aligned.kind::mxf4.sp::ordered_metadata.block_scale.m16n8k128.row.col.f32.e2m1.e2m1.f32.ue8m0,results/20260919T082444Z_NVIDIA_GeForce_RTX_5090/ptx/sparse_mxf4_e2m1xe2m1_ue8m0-default-2X_46af5c57abbb.ptx,results/20260919T082444Z_NVIDIA_GeForce_RTX_5090/cubin/sparse_mxf4_e2m1xe2m1_ue8m0-default-2X_46af5c57abbb.cubin,results/20260919T082444Z_NVIDIA_GeForce_RTX_5090/sass/sparse_mxf4_e2m1xe2m1_ue8m0-default-2X_46af5c57abbb.sass.txt,results/20260919T082444Z_NVIDIA_GeForce_RTX_5090/sass/sparse_mxf4_e2m1xe2m1_ue8m0-default-2X_46af5c57abbb.sass.json,
PASS,DOCUMENTED,sparse/mxf4nvf4/e2m1xe2m1/ue8m0-2X,1,1,f32,16,8,128,5.744895935,5.753555298,3971.701841,3965.724249,1985.85092,46,SASS_OK,OMMA.SF.SP,32,32,32,mma.sync.aligned.kind::mxf4nvf4.sp::ordered_metadata.block_scale.scale_vec::2X.m16n8k128.row.col.f32.e2m1.e2m1.f32.ue8m0,results/20260919T082444Z_NVIDIA_GeForce_RTX_5090/ptx/sparse_mxf4nvf4_e2m1xe2m1_ue8m0-2X_b1634362fc94.ptx,results/20260919T082444Z_NVIDIA_GeForce_RTX_5090/cubin/sparse_mxf4nvf4_e2m1xe2m1_ue8m0-2X_b1634362fc94.cubin,results/20260919T082444Z_NVIDIA_GeForce_RTX_5090/sass/sparse_mxf4nvf4_e2m1xe2m1_ue8m0-2X_b1634362fc94.sass.txt,results/20260919T082444Z_NVIDIA_GeForce_RTX_5090/sass/sparse_mxf4nvf4_e2m1xe2m1_ue8m0-2X_b1634362fc94.sass.json,
FAIL_DOCUMENTED,DOCUMENTED,sparse/mxf4nvf4/e2m1xe2m1/ue8m0-4X,1,1,f32,16,8,128,0,0,0,0,0,0,NOT_CHECKED,,0,0,0,mma.sync.aligned.kind::mxf4nvf4.sp::ordered_metadata.block_scale.scale_vec::4X.m16n8k128.row.col.f32.e2m1.e2m1.f32.ue8m0,results/20260919T082444Z_NVIDIA_GeForce_RTX_5090/ptx/sparse_mxf4nvf4_e2m1xe2m1_ue8m0-4X_610d905a95a8.ptx,,,,
PASS,DOCUMENTED,sparse/mxf4nvf4/e2m1xe2m1/ue4m3-4X,1,1,f32,16,8,128,5.744160175,5.749445915,3972.210569,3968.558727,1986.105285,46,SASS_OK,OMMA.SF.SP,32,32,32,mma.sync.aligned.kind::mxf4nvf4.sp::ordered_metadata.block_scale.scale_vec::4X.m16n8k128.row.col.f32.e2m1.e2m1.f32.ue4m3,results/20260919T082444Z_NVIDIA_GeForce_RTX_5090/ptx/sparse_mxf4nvf4_e2m1xe2m1_ue4m3-4X_953b3d276430.ptx,results/20260919T082444Z_NVIDIA_GeForce_RTX_5090/cubin/sparse_mxf4nvf4_e2m1xe2m1_ue4m3-4X_953b3d276430.cubin,results/20260919T082444Z_NVIDIA_GeForce_RTX_5090/sass/sparse_mxf4nvf4_e2m1xe2m1_ue4m3-4X_953b3d276430.sass.txt,results/20260919T082444Z_NVIDIA_GeForce_RTX_5090/sass/sparse_mxf4nvf4_e2m1xe2m1_ue4m3-4X_953b3d276430.sass.json,
